,2018rank,City,State,2018estimate,2010Census,Change,2016 land area,2016 population density,Location,Area codes,Mayor,Summer (DST),Time zone,Website
0,1,New York City[d], New York,"8,398,748","8,175,133",+2.74%,780.9 km2,"28,317/sq mi",40°39′49″N 73°56′19″W﻿ / ﻿40.6635°N 73.9387°W﻿ / 40.6635; -73.9387﻿ (1 New York City),212/646/332,Bill de Blasio,UTC−04:00,UTC−05:00,NYC.gov
1,2,Los Angeles, California,"3,990,456","3,792,621",+5.22%,"1,213.9 km2","8,484/sq mi",34°01′10″N 118°24′39″W﻿ / ﻿34.0194°N 118.4108°W﻿ / 34.0194; -118.4108﻿ (2 Los Angeles),213/323,Eric Garcetti,UTC−07:00,UTC−08:00,Official website
2,3,Chicago, Illinois,"2,705,994","2,695,598",+0.39%,588.7 km2,"11,900/sq mi",41°50′15″N 87°40′54″W﻿ / ﻿41.8376°N 87.6818°W﻿ / 41.8376; -87.6818﻿ (3 Chicago),312,Lori Lightfoot,UTC−05:00,UTC−06:00,www.cityofchicago.org
3,4,Houston[3], Texas,"2,325,502","2,100,263",+10.72%,"1,651.1 km2","3,613/sq mi",29°47′12″N 95°23′27″W﻿ / ﻿29.7866°N 95.3909°W﻿ / 29.7866; -95.3909﻿ (4 Houston),"713, 281, 832, 346",Sylvester Turner,UTC−5,UTC−6,houstontx.gov
4,5,Phoenix, Arizona,"1,660,272","1,445,632",+14.85%,"1,340.6 km2","3,120/sq mi",33°34′20″N 112°05′24″W﻿ / ﻿33.5722°N 112.0901°W﻿ / 33.5722; -112.0901﻿ (6 Phoenix),NA,Kate Gallego,NA,UTC−7,www.phoenix.gov
5,6,Philadelphia[e], Pennsylvania,"1,584,138","1,526,006",+3.81%,347.6 km2,"11,683/sq mi",40°00′34″N 75°08′00″W﻿ / ﻿40.0094°N 75.1333°W﻿ / 40.0094; -75.1333﻿ (5 Philadelphia),"215, 267, 445",Jim Kenney,UTC-4,UTC-5,www.phila.gov
6,7,San Antonio, Texas,"1,532,233","1,327,407",+15.43%,"1,194.0 km2","3,238/sq mi",29°28′21″N 98°31′30″W﻿ / ﻿29.4724°N 98.5251°W﻿ / 29.4724; -98.5251﻿ (7 San Antonio),210,Ron Nirenberg,UTC−5,UTC−6,www.SanAntonio.gov
7,8,San Diego, California,"1,425,976","1,307,402",+9.07%,842.3 km2,"4,325/sq mi",32°48′55″N 117°08′06″W﻿ / ﻿32.8153°N 117.1350°W﻿ / 32.8153; -117.1350﻿ (8 San Diego),619,Kevin Faulconer,UTC−7,UTC−8,SanDiego.gov
8,9,Dallas, Texas,"1,345,047","1,197,816",+12.29%,882.9 km2,"3,866/sq mi",32°47′36″N 96°45′59″W﻿ / ﻿32.7933°N 96.7665°W﻿ / 32.7933; -96.7665﻿ (9 Dallas),"214, 469, 972",Mike Rawlings,UTC−5,UTC−6,dallascityhall.com
9,10,San Jose, California,"1,030,119","945,942",+8.90%,459.7 km2,"5,777/sq mi",37°17′48″N 121°49′08″W﻿ / ﻿37.2967°N 121.8189°W﻿ / 37.2967; -121.8189﻿ (10 San Jose),408/669,Sam Liccardo,UTC−7,UTC−8,www.sanjoseca.gov
10,11,Austin, Texas,"964,254","790,390",+22.00%,809.9 km2,"3,031/sq mi",30°18′14″N 97°45′16″W﻿ / ﻿30.3039°N 97.7544°W﻿ / 30.3039; -97.7544﻿ (11 Austin),512 & 737,Steve Adler,UTC−5,UTC−6,www.austintexas.gov
11,12,Jacksonville[f], Florida,"903,889","821,784",+9.99%,"1,935.8 km2","1,178/sq mi",30°20′13″N 81°39′42″W﻿ / ﻿30.3369°N 81.6616°W﻿ / 30.3369; -81.6616﻿ (12 Jacksonville),904,Lenny Curry,UTC−4,UTC−5,City of Jacksonville
12,13,Fort Worth, Texas,"895,008","741,206",+20.75%,888.1 km2,"2,491/sq mi",32°46′53″N 97°20′48″W﻿ / ﻿32.7815°N 97.3467°W﻿ / 32.7815; -97.3467﻿ (16 Fort Worth),682 and 817,Betsy Price,UTC−5,UTC−6,fortworthtexas.gov
13,14,Columbus, Ohio,"892,533","787,033",+13.40%,565.9 km2,"3,936/sq mi",39°59′07″N 82°59′05″W﻿ / ﻿39.9852°N 82.9848°W﻿ / 39.9852; -82.9848﻿ (15 Columbus),614,Andrew J. Ginther,UTC-4,UTC-5,City of Columbus
14,15,San Francisco[g], California,"883,305","805,235",+9.70%,121.5 km2,"18,569/sq mi",37°43′38″N 123°01′56″W﻿ / ﻿37.7272°N 123.0322°W﻿ / 37.7272; -123.0322﻿ (13 San Francisco),415/628,London Breed,UTC−7,UTC−8,sf.gov
15,16,Charlotte, North Carolina,"872,498","731,424",+19.29%,791.0 km2,"2,757/sq mi",35°12′28″N 80°49′52″W﻿ / ﻿35.2078°N 80.8310°W﻿ / 35.2078; -80.8310﻿ (17 Charlotte),704,Vi Lyles,UTC−4,UTC−5,charlottenc.gov
16,17,Indianapolis[h], Indiana,"867,125","820,445",+5.69%,936.3 km2,"2,366/sq mi",39°46′36″N 86°08′45″W﻿ / ﻿39.7767°N 86.1459°W﻿ / 39.7767; -86.1459﻿ (14 Indianapolis),317 and 463,Joe Hogsett,UTC−4,UTC−5,www.indy.gov
17,18,Seattle, Washington,"744,955","608,660",+22.39%,217.0 km2,"8,405/sq mi",47°37′14″N 122°21′03″W﻿ / ﻿47.6205°N 122.3509°W﻿ / 47.6205; -122.3509﻿ (20 Seattle),NA,Jenny Durkan,UTC−7,UTC−8,Seattle.gov
18,19,Denver[i], Colorado,"716,492","600,158",+19.38%,397.0 km2,"4,521/sq mi",39°45′43″N 104°52′52″W﻿ / ﻿39.7619°N 104.8811°W﻿ / 39.7619; -104.8811﻿ (Denver),303 and 720,Michael Hancock,UTC−6,UTC−7,denvergov.org
19,20,"Washington, D.C.[j]", District of Columbia,"702,455","601,723",+16.74%,158.2 km2,"11,148/sq mi","38°54′15″N 77°01′02″W﻿ / ﻿38.9041°N 77.0172°W﻿ / 38.9041; -77.0172﻿ (Washington, D.C.)",202,Muriel Bowser,UTC−4,UTC−5,dc.gov
20,21,Boston, Massachusetts,"694,583","617,594",+12.47%,125.1 km2,"13,938/sq mi",42°19′55″N 71°01′13″W﻿ / ﻿42.3320°N 71.0202°W﻿ / 42.3320; -71.0202﻿ (Boston),617 and 857,Marty Walsh,UTC−4,UTC−5,Boston.gov
21,22,El Paso, Texas,"682,669","649,121",+5.17%,665.1 km2,"2,660/sq mi",31°50′54″N 106°25′37″W﻿ / ﻿31.8484°N 106.4270°W﻿ / 31.8484; -106.4270﻿ (19 El Paso),915,NA,UTC−6,UTC−7,www.elpasotexas.gov
22,23,Detroit, Michigan,"672,662","713,777",−5.76%,359.5 km2,"4,847/sq mi",42°22′59″N 83°06′08″W﻿ / ﻿42.3830°N 83.1022°W﻿ / 42.3830; -83.1022﻿ (18 Detroit),313,Mike Duggan,UTC−4,UTC−5,Official website
23,24,Nashville[k], Tennessee,"669,053","601,222",+11.28%,"1,232.6 km2","1,388/sq mi",36°10′18″N 86°47′06″W﻿ / ﻿36.1718°N 86.7850°W﻿ / 36.1718; -86.7850﻿ (Nashville),615 and 629,David Briley,UTC−5,UTC−6,www.nashville.gov
24,25,Portland, Oregon,"653,115","583,776",+11.88%,345.8 km2,"4,793/sq mi",45°32′13″N 122°39′00″W﻿ / ﻿45.5370°N 122.6500°W﻿ / 45.5370; -122.6500﻿ (Portland),503 and 971,Ted Wheeler,UTC−07:00,UTC−08:00,PortlandOregon.gov
25,26,Memphis, Tennessee,"650,618","646,889",+0.58%,822.1 km2,"2,056/sq mi",35°06′10″N 89°58′39″W﻿ / ﻿35.1028°N 89.9774°W﻿ / 35.1028; -89.9774﻿ (Memphis),NA,Jim Strickland,UTC−5,UTC−6,City of Memphis
26,27,Oklahoma City, Oklahoma,"649,021","579,999",+11.90%,"1,570.3 km2","1,053/sq mi",35°28′02″N 97°30′49″W﻿ / ﻿35.4671°N 97.5137°W﻿ / 35.4671; -97.5137﻿ (Oklahoma City),NA,David Holt,UTC−5,UTC−6,Oklahoma City official website
27,28,Las Vegas, Nevada,"644,644","583,756",+10.43%,348.1 km2,"4,709/sq mi",36°13′45″N 115°15′36″W﻿ / ﻿36.2292°N 115.2601°W﻿ / 36.2292; -115.2601﻿ (Las Vegas),702 & 725,Carolyn Goodman,UTC−7,UTC−8,lasvegasnevada.gov
28,29,Louisville[l], Kentucky,"620,118","597,337",+3.81%,682.5 km2,"2,339/sq mi",38°09′55″N 85°38′51″W﻿ / ﻿38.1654°N 85.6474°W﻿ / 38.1654; -85.6474﻿ (Louisville),NA,Greg Fischer,UTC-4,UTC-5,LouisvilleKy.gov
29,30,Baltimore[m], Maryland,"602,495","620,961",−2.97%,209.5 km2,"7,598/sq mi",39°18′00″N 76°36′38″W﻿ / ﻿39.3000°N 76.6105°W﻿ / 39.3000; -76.6105﻿ (Baltimore),"410, 443, and 667",Jack Young,UTC−4,UTC−5,City of Baltimore
30,31,Milwaukee, Wisconsin,"592,025","594,833",−0.47%,249.2 km2,"6,186/sq mi",43°03′48″N 87°58′00″W﻿ / ﻿43.0633°N 87.9667°W﻿ / 43.0633; -87.9667﻿ (Milwaukee),414,Tom Barrett,UTC−5,UTC−6,city.milwaukee.gov
31,32,Albuquerque, New Mexico,"560,218","545,852",+2.63%,487.4 km2,"2,972/sq mi",35°06′20″N 106°38′51″W﻿ / ﻿35.1056°N 106.6474°W﻿ / 35.1056; -106.6474﻿ (Albuquerque),NA,Tim Keller,UTC−6,UTC−7,www.cabq.gov
32,33,Tucson, Arizona,"545,975","520,116",+4.97%,597.8 km2,"2,299/sq mi",32°09′11″N 110°52′14″W﻿ / ﻿32.1531°N 110.8706°W﻿ / 32.1531; -110.8706﻿ (Tucson),NA,Jonathan Rothschild,NA,UTC−7,www.tucsonaz.gov
33,34,Fresno, California,"530,093","494,665",+7.16%,296.3 km2,"4,563/sq mi",36°47′01″N 119°47′36″W﻿ / ﻿36.7836°N 119.7934°W﻿ / 36.7836; -119.7934﻿ (Fresno),NA,Lee Brand,UTC−07:00,UTC−08:00,www.fresno.gov
34,35,Mesa, Arizona,"508,958","439,041",+15.92%,357.2 km2,"3,514/sq mi",33°24′07″N 111°43′03″W﻿ / ﻿33.4019°N 111.7174°W﻿ / 33.4019; -111.7174﻿ (Mesa),480,John Giles,NA,UTC−7,www.mesaaz.gov
35,36,Sacramento, California,"508,529","466,488",+9.01%,253.6 km2,"5,059/sq mi",38°34′00″N 121°28′07″W﻿ / ﻿38.5666°N 121.4686°W﻿ / 38.5666; -121.4686﻿ (Sacramento),NA,Darrell Steinberg,UTC−7,UTC−8,cityofsacramento.org
36,37,Atlanta, Georgia,"498,044","420,003",+18.58%,345.8 km2,"3,539/sq mi",33°45′46″N 84°25′22″W﻿ / ﻿33.7629°N 84.4227°W﻿ / 33.7629; -84.4227﻿ (Atlanta),404,Keisha Lance Bottoms,UTC−4,UTC−5,atlantaga.gov
37,38,Kansas City, Missouri,"491,918","459,787",+6.99%,815.8 km2,"1,528/sq mi","39°07′30″N 94°33′04″W﻿ / ﻿39.1251°N 94.5510°W﻿ / 39.1251; -94.5510﻿ (Kansas City, MO)",816,Sly James,UTC– 05:00,UTC– 06:00,KCMO.gov
38,39,Colorado Springs, Colorado,"472,688","416,427",+13.51%,506.6 km2,"2,378/sq mi",38°52′02″N 104°45′39″W﻿ / ﻿38.8673°N 104.7607°W﻿ / 38.8673; -104.7607﻿ (Colorado Springs),NA,John Suthers,UTC−6,UTC−7,coloradosprings.gov
39,40,Miami, Florida,"470,914","399,457",+17.89%,93.2 km2,"12,599/sq mi",25°46′31″N 80°12′31″W﻿ / ﻿25.7752°N 80.2086°W﻿ / 25.7752; -80.2086﻿ (Miami),305 and 786,Francis X. Suarez,UTC−4,UTC−5,miamigov.com
40,41,Raleigh, North Carolina,"469,298","403,892",+16.19%,375.8 km2,"3,163/sq mi",35°49′50″N 78°38′30″W﻿ / ﻿35.8306°N 78.6418°W﻿ / 35.8306; -78.6418﻿ (Raleigh),919,Nancy McFarlane,UTC−04:00,UTC−05:00,raleighnc.gov
41,42,Omaha, Nebraska,"468,262","408,958",+14.50%,345.0 km2,"3,356/sq mi",41°15′52″N 96°02′42″W﻿ / ﻿41.2644°N 96.0451°W﻿ / 41.2644; -96.0451﻿ (Omaha),NA,Jean Stothert,UTC−05:00,UTC−06:00,www.cityofomaha.org
42,43,Long Beach, California,"467,354","462,257",+1.10%,130.3 km2,"9,347/sq mi",33°48′33″N 118°09′19″W﻿ / ﻿33.8092°N 118.1553°W﻿ / 33.8092; -118.1553﻿ (Long Beach),NA,Robert Garcia,UTC−07:00,UTC−08:00,www.longbeach.gov
43,44,Virginia Beach[m], Virginia,"450,189","437,994",+2.78%,633.8 km2,"1,850/sq mi",36°46′48″N 76°01′31″W﻿ / ﻿36.7800°N 76.0252°W﻿ / 36.7800; -76.0252﻿ (Virginia Beach),757,Bobby Dyer,UTC−4,UTC−5,www.vbgov.com
44,45,Oakland, California,"429,082","390,724",+9.82%,144.8 km2,"7,514/sq mi",37°46′11″N 122°13′33″W﻿ / ﻿37.7698°N 122.2257°W﻿ / 37.7698; -122.2257﻿ (Oakland),NA,Libby Schaaf,UTC−07:00,UTC−08:00,www.oaklandca.gov
45,46,Minneapolis, Minnesota,"425,403","382,578",+11.19%,139.9 km2,"7,660/sq mi",44°57′48″N 93°16′06″W﻿ / ﻿44.9633°N 93.2683°W﻿ / 44.9633; -93.2683﻿ (Minneapolis),612,Jacob Frey,UTC–5,UTC–6,www.minneapolismn.gov
46,47,Tulsa, Oklahoma,"400,669","391,906",+2.24%,509.7 km2,"2,048/sq mi",36°07′40″N 95°54′08″W﻿ / ﻿36.1279°N 95.9023°W﻿ / 36.1279; -95.9023﻿ (Tulsa),539/918,G. T. Bynum,UTC−5,UTC−6,cityoftulsa.org
47,48,Arlington, Texas,"398,112","365,438",+8.94%,248.1 km2,"4,100/sq mi",32°42′03″N 97°07′29″W﻿ / ﻿32.7007°N 97.1247°W﻿ / 32.7007; -97.1247﻿ (Arlington),817,Jeff Williams,UTC−5,UTC−6,www.arlingtontx.gov
48,49,Tampa, Florida,"392,890","335,709",+17.03%,293.7 km2,"3,326/sq mi",27°58′12″N 82°28′47″W﻿ / ﻿27.9701°N 82.4797°W﻿ / 27.9701; -82.4797﻿ (Tampa),813,Jane Castor,UTC−4,UTC−5,www.tampagov.net
49,50,New Orleans[n], Louisiana,"391,006","343,829",+13.72%,438.7 km2,"2,311/sq mi",30°03′12″N 89°56′04″W﻿ / ﻿30.0534°N 89.9345°W﻿ / 30.0534; -89.9345﻿ (New Orleans),504,LaToya Cantrell,UTC−5,UTC−6,nola.gov
50,51,Wichita, Kansas,"389,255","382,368",+1.80%,415.4 km2,"2,431/sq mi",37°41′27″N 97°20′45″W﻿ / ﻿37.6907°N 97.3459°W﻿ / 37.6907; -97.3459﻿ (Wichita),NA,Jeff Longwell,UTC−5,UTC−6,wichita.gov
51,52,Cleveland, Ohio,"383,793","396,815",−3.28%,201.2 km2,"4,965/sq mi",41°28′43″N 81°40′46″W﻿ / ﻿41.4785°N 81.6794°W﻿ / 41.4785; -81.6794﻿ (Cleveland),NA,Frank G. Jackson,UTC−4,UTC−5,www.cleveland-oh.gov
52,53,Bakersfield, California,"383,579","347,483",+10.39%,385.4 km2,"2,529/sq mi",35°19′16″N 119°01′06″W﻿ / ﻿35.3212°N 119.0183°W﻿ / 35.3212; -119.0183﻿ (Bakersfield),NA,Karen K. Goh,UTC−7,UTC−8,www.bakersfieldcity.us
53,54,Aurora, Colorado,"374,114","325,078",+15.08%,397.6 km2,"2,356/sq mi",39°41′17″N 104°41′23″W﻿ / ﻿39.6880°N 104.6897°W﻿ / 39.6880; -104.6897﻿ (Aurora),303,Bob LeGare,UTC−6,UTC−7,auroragov.org
54,55,Anaheim, California,"352,005","336,265",+4.68%,129.5 km2,"7,021/sq mi",33°51′20″N 117°45′36″W﻿ / ﻿33.8555°N 117.7601°W﻿ / 33.8555; -117.7601﻿ (Anaheim),657/714,Harry Sidhu,UTC−7,UTC−8,www.anaheim.net
55,56,Honolulu[b], Hawaii,"347,397","337,256",+3.01%,156.7 km2,"5,815/sq mi",21°19′27″N 157°50′51″W﻿ / ﻿21.3243°N 157.8476°W﻿ / 21.3243; -157.8476﻿ (Honolulu),808,Kirk Caldwell,NA,UTC−10,www.honolulu.gov
56,57,Santa Ana, California,"332,725","324,528",+2.53%,70.2 km2,"12,333/sq mi",33°44′11″N 117°52′59″W﻿ / ﻿33.7363°N 117.8830°W﻿ / 33.7363; -117.8830﻿ (Santa Ana),NA,Miguel A. Pulido,UTC−7,UTC−8,santa-ana.org
57,58,Riverside, California,"330,063","303,871",+8.62%,210.3 km2,"3,999/sq mi",33°56′17″N 117°23′36″W﻿ / ﻿33.9381°N 117.3932°W﻿ / 33.9381; -117.3932﻿ (Riverside),NA,NA,UTC−7,UTC−8,riversideca.gov
58,59,Corpus Christi, Texas,"326,554","305,215",+6.99%,452.2 km2,"1,866/sq mi",27°45′15″N 97°10′24″W﻿ / ﻿27.7543°N 97.1734°W﻿ / 27.7543; -97.1734﻿ (Corpus Christi),361,NA,UTC−5,UTC−6,www.cctexas.com
59,60,Lexington[o], Kentucky,"323,780","295,803",+9.46%,734.5 km2,"1,123/sq mi",38°02′27″N 84°27′30″W﻿ / ﻿38.0407°N 84.4583°W﻿ / 38.0407; -84.4583﻿ (Lexington),NA,Linda Gorton,UTC−4,UTC−5,www.lexingtonky.gov
60,61,Stockton, California,"311,178","291,707",+6.67%,159.8 km2,"4,977/sq mi",37°58′35″N 121°18′48″W﻿ / ﻿37.9763°N 121.3133°W﻿ / 37.9763; -121.3133﻿ (Stockton),NA,Michael Tubbs,UTC−7,UTC−8,www.stocktongov.com
61,62,Henderson, Nevada,"310,390","257,729",+20.43%,271.2 km2,"2,798/sq mi",36°00′35″N 115°02′09″W﻿ / ﻿36.0097°N 115.0357°W﻿ / 36.0097; -115.0357﻿ (Henderson),702 and 725,Debra March,UTC−7,UTC−8,www.cityofhenderson.com
62,63,Saint Paul, Minnesota,"307,695","285,068",+7.94%,134.7 km2,"5,815/sq mi",44°56′56″N 93°06′15″W﻿ / ﻿44.9489°N 93.1041°W﻿ / 44.9489; -93.1041﻿ (Saint Paul),651,Melvin Carter,UTC−5,UTC−6,www.stpaul.gov
63,64,St. Louis[m], Missouri,"302,838","319,294",−5.15%,160.6 km2,"5,023/sq mi",38°38′09″N 90°14′41″W﻿ / ﻿38.6357°N 90.2446°W﻿ / 38.6357; -90.2446﻿ (St. Louis),NA,Lyda Krewson,UTC−5,UTC−6,stlouis-mo.gov
64,65,Cincinnati, Ohio,"302,605","296,943",+1.91%,200.5 km2,"3,860/sq mi",39°08′25″N 84°30′21″W﻿ / ﻿39.1402°N 84.5058°W﻿ / 39.1402; -84.5058﻿ (Cincinnati),NA,John Cranley,UTC−4,UTC−5,cincinnati-oh.gov
65,66,Pittsburgh, Pennsylvania,"301,048","305,704",−1.52%,143.5 km2,"5,481/sq mi",40°26′23″N 79°58′36″W﻿ / ﻿40.4398°N 79.9766°W﻿ / 40.4398; -79.9766﻿ (Pittsburgh),412,Bill Peduto,UTC−4,UTC−5,PittsburghPA.gov
66,67,Greensboro, North Carolina,"294,722","269,666",+9.29%,332.3 km2,"2,237/sq mi",36°05′42″N 79°49′37″W﻿ / ﻿36.0951°N 79.8270°W﻿ / 36.0951; -79.8270﻿ (Greensboro),NA,Nancy B. Vaughan,UTC−4,UTC−5,www.greensboro-nc.gov
67,68,Anchorage[p], Alaska,"291,538","291,826",−0.10%,"4,420.1 km2",175/sq mi,61°10′27″N 149°17′03″W﻿ / ﻿61.1743°N 149.2843°W﻿ / 61.1743; -149.2843﻿ (Anchorage),907,Ethan Berkowitz,UTC-8,UTC-9,Municipality of Anchorage
68,69,Plano, Texas,"288,061","259,841",+10.86%,185.7 km2,"3,990/sq mi",33°03′03″N 96°44′52″W﻿ / ﻿33.0508°N 96.7479°W﻿ / 33.0508; -96.7479﻿ (Plano),"214, 469, 972",Harry LaRosiliere,UTC−5,UTC−6,www.plano.gov
69,70,Lincoln, Nebraska,"287,401","258,379",+11.23%,238.5 km2,"3,044/sq mi",40°48′38″N 96°40′49″W﻿ / ﻿40.8105°N 96.6803°W﻿ / 40.8105; -96.6803﻿ (Lincoln),402,Leirion Gaylor Baird,UTC-5,UTC-6,lincoln.ne.gov
70,71,Orlando, Florida,"285,713","238,300",+19.90%,272.5 km2,"2,635/sq mi",28°25′00″N 81°16′25″W﻿ / ﻿28.4166°N 81.2736°W﻿ / 28.4166; -81.2736﻿ (Orlando),321,Buddy Dyer,UTC−4,UTC−5,http://www.cityoforlando.net
71,72,Irvine, California,"282,572","212,375",+33.05%,169.9 km2,"4,057/sq mi",33°40′42″N 117°46′17″W﻿ / ﻿33.6784°N 117.7713°W﻿ / 33.6784; -117.7713﻿ (Irvine),949,NA,UTC−7,UTC−8,cityofirvine.org
72,73,Newark, New Jersey,"282,090","277,140",+1.79%,62.4 km2,"11,691/sq mi",40°43′27″N 74°10′21″W﻿ / ﻿40.7242°N 74.1726°W﻿ / 40.7242; -74.1726﻿ (Newark),862/973,Ras Baraka,UTC−4,UTC−5,newarknj.gov
73,74,Toledo, Ohio,"274,975","287,208",−4.26%,209.0 km2,"3,451/sq mi",41°39′51″N 83°34′55″W﻿ / ﻿41.6641°N 83.5819°W﻿ / 41.6641; -83.5819﻿ (Toledo),419,Wade Kapszukiewicz,UTC−4,UTC−5,www.toledo.oh.gov
74,75,Durham, North Carolina,"274,291","228,330",+20.13%,284.4 km2,"2,395/sq mi",35°58′52″N 78°54′10″W﻿ / ﻿35.9811°N 78.9029°W﻿ / 35.9811; -78.9029﻿ (Durham),919,Steve Schewel,UTC−4,UTC−5,durhamnc.gov
75,76,Chula Vista, California,"271,651","243,916",+11.37%,128.5 km2,"5,387/sq mi",32°37′40″N 117°00′55″W﻿ / ﻿32.6277°N 117.0152°W﻿ / 32.6277; -117.0152﻿ (Chula Vista),619,NA,UTC-7,UTC-8,www.chulavistaca.gov
76,77,Fort Wayne, Indiana,"267,633","253,691",+5.50%,286.5 km2,"2,391/sq mi",41°05′18″N 85°08′38″W﻿ / ﻿41.0882°N 85.1439°W﻿ / 41.0882; -85.1439﻿ (Fort Wayne),260,Tom Henry,UTC−04:00,UTC−05:00,www.cityoffortwayne.org
77,78,Jersey City, New Jersey,"265,549","247,597",+7.25%,38.3 km2,"17,848/sq mi",40°42′41″N 74°03′53″W﻿ / ﻿40.7114°N 74.0648°W﻿ / 40.7114; -74.0648﻿ (Jersey City),201,Steven Fulop,UTC−4,UTC−5,www.jerseycitynj.gov
78,79,St. Petersburg, Florida,"265,098","244,769",+8.31%,160.1 km2,"4,223/sq mi",27°45′43″N 82°38′39″W﻿ / ﻿27.7620°N 82.6441°W﻿ / 27.7620; -82.6441﻿ (St. Petersburg),727,Rick Kriseman,UTC−4,UTC−5,www.stpete.org
79,80,Laredo, Texas,"261,639","236,091",+10.82%,261.8 km2,"2,544/sq mi",27°33′37″N 99°29′21″W﻿ / ﻿27.5604°N 99.4892°W﻿ / 27.5604; -99.4892﻿ (Laredo),NA,Pete Saenz,UTC−5,UTC−6,laredotexas.gov
80,81,Madison, Wisconsin,"258,054","233,209",+10.65%,199.4 km2,"3,280/sq mi",43°05′16″N 89°25′48″W﻿ / ﻿43.0878°N 89.4299°W﻿ / 43.0878; -89.4299﻿ (Madison),NA,Satya Rhodes-Conway,UTC−5,UTC−6,cityofmadison.com
81,82,Chandler, Arizona,"257,165","236,123",+8.91%,168.1 km2,"3,813/sq mi",33°16′58″N 111°51′18″W﻿ / ﻿33.2829°N 111.8549°W﻿ / 33.2829; -111.8549﻿ (Chandler),480,NA,NA,UTC−7,www.chandleraz.gov
82,83,Buffalo, New York,"256,304","261,310",−1.92%,104.6 km2,"6,359/sq mi",42°53′33″N 78°51′35″W﻿ / ﻿42.8925°N 78.8597°W﻿ / 42.8925; -78.8597﻿ (Buffalo),716,Byron Brown,UTC−04:00,UTC−05:00,www.city-buffalo.com
83,84,Lubbock, Texas,"255,885","229,573",+11.46%,322.7 km2,"2,027/sq mi",33°33′56″N 101°53′12″W﻿ / ﻿33.5656°N 101.8867°W﻿ / 33.5656; -101.8867﻿ (Lubbock),NA,Dan Pope,UTC−5,UTC−6,www.ci.lubbock.tx.us
84,85,Scottsdale, Arizona,"255,310","217,385",+17.45%,476.3 km2,"1,341/sq mi",33°41′03″N 111°51′40″W﻿ / ﻿33.6843°N 111.8611°W﻿ / 33.6843; -111.8611﻿ (Scottsdale),480,Jim Lane,NA,UTC−7,www.scottsdaleaz.gov
85,86,Reno, Nevada,"250,998","225,221",+11.45%,277.9 km2,"2,286/sq mi",39°32′57″N 119°51′00″W﻿ / ﻿39.5491°N 119.8499°W﻿ / 39.5491; -119.8499﻿ (Reno),775,Hillary Schieve,UTC−7,UTC−8,reno.gov
86,87,Glendale, Arizona,"250,702","226,721",+10.58%,153.1 km2,"4,161/sq mi",33°31′59″N 112°11′24″W﻿ / ﻿33.5331°N 112.1899°W﻿ / 33.5331; -112.1899﻿ (Glendale),623,NA,NA,UTC-7,www.glendaleaz.com
87,88,Gilbert[q], Arizona,"248,279","208,453",+19.11%,176.1 km2,"3,487/sq mi",33°18′37″N 111°44′35″W﻿ / ﻿33.3103°N 111.7431°W﻿ / 33.3103; -111.7431﻿ (Gilbert),480,Jenn Daniels,NA,UTC-7,www.gilbertaz.gov
88,89,Winston–Salem, North Carolina,"246,328","229,617",+7.28%,343.2 km2,"1,828/sq mi",36°06′10″N 80°15′40″W﻿ / ﻿36.1027°N 80.2610°W﻿ / 36.1027; -80.2610﻿ (Winston-Salem),336/743,Allen Joines,UTC−4,UTC−5,www.cityofws.org
89,90,North Las Vegas, Nevada,"245,949","216,961",+13.36%,253.8 km2,"2,436/sq mi",36°17′09″N 115°05′38″W﻿ / ﻿36.2857°N 115.0939°W﻿ / 36.2857; -115.0939﻿ (North Las Vegas),702 and 725,John Lee,UTC-7,UTC-8,www.cityofnorthlasvegas.com
90,91,Norfolk[m], Virginia,"244,076","242,803",+0.52%,138.0 km2,"4,599/sq mi",36°55′23″N 76°14′41″W﻿ / ﻿36.9230°N 76.2446°W﻿ / 36.9230; -76.2446﻿ (Norfolk),757,Kenny Alexander,UTC−4,UTC−5,www.norfolk.gov
91,92,Chesapeake[m], Virginia,"242,634","222,209",+9.19%,876.7 km2,703/sq mi,36°40′46″N 76°18′06″W﻿ / ﻿36.6794°N 76.3018°W﻿ / 36.6794; -76.3018﻿ (Chesapeake),757,"Dr. Richard W. ""Rick"" West",UTC−4,UTC−5,www.cityofchesapeake.net
92,93,Garland, Texas,"242,507","226,876",+6.89%,147.6 km2,"4,122/sq mi",32°54′35″N 96°37′49″W﻿ / ﻿32.9098°N 96.6303°W﻿ / 32.9098; -96.6303﻿ (Garland),214,NA,UTC-5,UTC-6,garlandtx.gov
93,94,Irving, Texas,"242,242","216,290",+12.00%,173.5 km2,"3,557/sq mi",32°51′28″N 96°58′12″W﻿ / ﻿32.8577°N 96.9700°W﻿ / 32.8577; -96.9700﻿ (Irving),972,NA,UTC-5,UTC-6,cityofirving.org
94,95,Hialeah, Florida,"238,942","224,669",+6.35%,55.7 km2,"10,995/sq mi",25°52′12″N 80°18′10″W﻿ / ﻿25.8699°N 80.3029°W﻿ / 25.8699; -80.3029﻿ (Hialeah),305,Carlos Hernández,UTC−4,UTC−5,www.hialeahfl.gov
95,96,Fremont, California,"237,807","214,089",+11.08%,200.7 km2,"3,008/sq mi",37°29′40″N 121°56′28″W﻿ / ﻿37.4945°N 121.9412°W﻿ / 37.4945; -121.9412﻿ (Fremont),NA,NA,UTC−7,UTC−8,www.fremont.gov
96,97,Boise[r], Idaho,"228,790","205,671",+11.24%,212.6 km2,"2,718/sq mi",43°36′01″N 116°13′54″W﻿ / ﻿43.6002°N 116.2317°W﻿ / 43.6002; -116.2317﻿ (Boise),208,Dave Bieter,UTC−6,UTC−7,www.cityofboise.org
97,98,Richmond[m], Virginia,"228,783","204,214",+12.03%,154.9 km2,"3,732/sq mi",37°31′53″N 77°28′34″W﻿ / ﻿37.5314°N 77.4760°W﻿ / 37.5314; -77.4760﻿ (Richmond),NA,Levar Stoney,UTC-4,UTC-5,www.ci.richmond.va.us
98,99,Baton Rouge[s], Louisiana,"221,599","229,493",−3.44%,222.5 km2,"2,651/sq mi",30°26′32″N 91°07′51″W﻿ / ﻿30.4422°N 91.1309°W﻿ / 30.4422; -91.1309﻿ (Baton Rouge),225,NA,UTC−5,UTC−6,www.brgov.com
99,100,Spokane, Washington,"219,190","208,916",+4.92%,177.9 km2,"3,144/sq mi",47°40′01″N 117°26′00″W﻿ / ﻿47.6669°N 117.4333°W﻿ / 47.6669; -117.4333﻿ (Spokane),509,David Condon,UTC−7,UTC−8,www.spokanecity.org
100,101,Des Moines, Iowa,"216,853","203,433",+6.60%,230.2 km2,"2,424/sq mi",41°34′21″N 93°36′37″W﻿ / ﻿41.5726°N 93.6102°W﻿ / 41.5726; -93.6102﻿ (Des Moines),NA,Frank Cownie,UTC-5,UTC-6,www.dmgov.org
101,102,Tacoma, Washington,"216,279","198,397",+9.01%,128.7 km2,"4,251/sq mi",47°15′08″N 122°27′35″W﻿ / ﻿47.2522°N 122.4598°W﻿ / 47.2522; -122.4598﻿ (Tacoma),NA,Victoria Woodards,UTC−7,UTC−8,www.cityoftacoma.org
102,103,San Bernardino, California,"215,941","209,924",+2.87%,159.3 km2,"3,516/sq mi",34°08′30″N 117°17′37″W﻿ / ﻿34.1416°N 117.2936°W﻿ / 34.1416; -117.2936﻿ (San Bernardino),NA,NA,UTC−7,UTC−8,sbcity.org
103,104,Modesto, California,"215,030","201,165",+6.89%,111.4 km2,"4,934/sq mi",37°38′15″N 121°00′11″W﻿ / ﻿37.6375°N 121.0030°W﻿ / 37.6375; -121.0030﻿ (Modesto),NA,[4],UTC−7,UTC−8,www.modestogov.com
104,105,Fontana, California,"213,739","196,069",+9.01%,111.4 km2,"4,876/sq mi",34°06′32″N 117°27′46″W﻿ / ﻿34.1090°N 117.4629°W﻿ / 34.1090; -117.4629﻿ (Fontana),909,NA,UTC-7,UTC-8,fontana.org
105,106,Santa Clarita, California,"210,089","176,320",+19.15%,136.8 km2,"3,446/sq mi",34°24′11″N 118°30′15″W﻿ / ﻿34.4030°N 118.5042°W﻿ / 34.4030; -118.5042﻿ (Santa Clarita),NA,NA,UTC−07:00,UTC−08:00,www.santa-clarita.com
106,107,Birmingham, Alabama,"209,880","212,237",−1.11%,378.4 km2,"1,452/sq mi",33°31′39″N 86°47′56″W﻿ / ﻿33.5274°N 86.7990°W﻿ / 33.5274; -86.7990﻿ (Birmingham),205,Randall Woodfin,UTC−5,UTC−6,Official website
107,108,Oxnard, California,"209,877","197,899",+6.05%,69.7 km2,"7,729/sq mi",34°12′08″N 119°12′17″W﻿ / ﻿34.2023°N 119.2046°W﻿ / 34.2023; -119.2046﻿ (Oxnard),NA,NA,UTC−7,UTC−8,www.oxnard.org
108,109,Fayetteville, North Carolina,"209,468","200,564",+4.44%,382.5 km2,"1,386/sq mi",35°04′58″N 78°58′25″W﻿ / ﻿35.0828°N 78.9735°W﻿ / 35.0828; -78.9735﻿ (Fayetteville),910,Mitch Colvin,UTC−4,UTC−5,Official website
109,110,Moreno Valley, California,"209,050","193,365",+8.11%,132.9 km2,"4,006/sq mi",33°55′24″N 117°12′21″W﻿ / ﻿33.9233°N 117.2057°W﻿ / 33.9233; -117.2057﻿ (Moreno Valley),909,NA,UTC−7,UTC−8,www.moreno-valley.ca.us
110,111,Rochester, New York,"206,284","210,565",−2.03%,92.7 km2,"5,835/sq mi",43°10′12″N 77°37′01″W﻿ / ﻿43.1699°N 77.6169°W﻿ / 43.1699; -77.6169﻿ (Rochester),NA,Lovely Warren,UTC−4,UTC−5,www.cityofrochester.gov
111,112,Glendale, California,"201,361","191,719",+5.03%,78.7 km2,"6,606/sq mi",34°10′53″N 118°14′45″W﻿ / ﻿34.1814°N 118.2458°W﻿ / 34.1814; -118.2458﻿ (Glendale),NA,NA,UTC−7,UTC−8,glendaleca.gov
112,113,Huntington Beach, California,"200,641","189,992",+5.60%,69.7 km2,"7,459/sq mi",33°41′26″N 118°00′33″W﻿ / ﻿33.6906°N 118.0093°W﻿ / 33.6906; -118.0093﻿ (Huntington Beach),562,NA,UTC−7,UTC−8,huntingtonbeachca.gov
113,114,Salt Lake City, Utah,"200,591","186,440",+7.59%,288.0 km2,"1,742/sq mi",40°46′37″N 111°55′52″W﻿ / ﻿40.7769°N 111.9310°W﻿ / 40.7769; -111.9310﻿ (Salt Lake City),"801, 385",Jackie Biskupski,UTC−6,UTC−7,Salt Lake City Government
114,115,Grand Rapids, Michigan,"200,217","188,040",+6.48%,115.0 km2,"4,424/sq mi",42°57′40″N 85°39′20″W﻿ / ﻿42.9612°N 85.6556°W﻿ / 42.9612; -85.6556﻿ (Grand Rapids),NA,Rosalynn Bliss,UTC-4,UTC-5,www.grcity.us
115,116,Amarillo, Texas,"199,924","190,695",+4.84%,262.6 km2,"1,968/sq mi",35°12′00″N 101°49′49″W﻿ / ﻿35.1999°N 101.8302°W﻿ / 35.1999; -101.8302﻿ (Amarillo),NA,Ginger Nelson,UTC−5,UTC−6,www.amarillo.gov
116,117,Yonkers, New York,"199,663","195,976",+1.88%,46.6 km2,"11,156/sq mi",40°56′45″N 73°52′03″W﻿ / ﻿40.9459°N 73.8674°W﻿ / 40.9459; -73.8674﻿ (Yonkers),914,Mike Spano,UTC-4,UTC-5,www.yonkersny.gov
117,118,Aurora, Illinois,"199,602","197,899",+0.86%,116.3 km2,"4,479/sq mi",41°45′49″N 88°17′24″W﻿ / ﻿41.7635°N 88.2901°W﻿ / 41.7635; -88.2901﻿ (Aurora),"630, 331",R,UTC−5,UTC−6,www.aurora-il.org
118,119,Montgomery, Alabama,"198,218","205,764",−3.67%,413.9 km2,"1,252/sq mi",32°20′50″N 86°15′58″W﻿ / ﻿32.3472°N 86.2661°W﻿ / 32.3472; -86.2661﻿ (Montgomery),NA,Todd Strange,UTC−5,UTC−6,montgomeryal.gov
119,120,Akron, Ohio,"198,006","199,110",−0.55%,160.6 km2,"3,188/sq mi",41°04′50″N 81°31′17″W﻿ / ﻿41.0805°N 81.5214°W﻿ / 41.0805; -81.5214﻿ (Akron),"234, 330",Dan Horrigan,UTC-4,UTC-5,akronohio.gov
120,121,Little Rock, Arkansas,"197,881","193,524",+2.25%,307.4 km2,"1,673/sq mi",34°43′31″N 92°21′31″W﻿ / ﻿34.7254°N 92.3586°W﻿ / 34.7254; -92.3586﻿ (Little Rock),501,Frank Scott Jr.,UTC-5,UTC-6,www.littlerock.gov
121,122,Huntsville, Alabama,"197,318","180,105",+9.56%,552.7 km2,905/sq mi,34°41′56″N 86°40′23″W﻿ / ﻿34.6990°N 86.6730°W﻿ / 34.6990; -86.6730﻿ (Huntsville),"256, 938",Tommy Battle,UTC−5,UTC−6,www.huntsvilleal.gov
122,123,Augusta[t], Georgia,"196,939","195,844",+0.56%,783.5 km2,652/sq mi,33°21′56″N 82°04′24″W﻿ / ﻿33.3655°N 82.0734°W﻿ / 33.3655; -82.0734﻿ (Augusta),"706, 762",NA,UTC-4,UTC-5,AugustaGA.gov
123,124,Port St. Lucie, Florida,"195,248","164,603",+18.62%,307.9 km2,"1,557/sq mi",27°16′50″N 80°23′18″W﻿ / ﻿27.2806°N 80.3883°W﻿ / 27.2806; -80.3883﻿ (Port St. Lucie),NA,[2],UTC−4,UTC−5,www.cityofpsl.com
124,125,Grand Prairie, Texas,"194,614","175,396",+10.96%,187.3 km2,"2,637/sq mi",32°41′13″N 97°01′16″W﻿ / ﻿32.6869°N 97.0211°W﻿ / 32.6869; -97.0211﻿ (Grand Prairie),972,NA,UTC-5,UTC-6,www.gptx.org
125,126,Columbus[u], Georgia,"194,160","189,885",+2.25%,560.5 km2,913/sq mi,32°30′37″N 84°52′30″W﻿ / ﻿32.5102°N 84.8749°W﻿ / 32.5102; -84.8749﻿ (Columbus),706,R,UTC−4,UTC−5,City of Columbus
126,127,Tallahassee, Florida,"193,551","181,376",+6.71%,260.0 km2,"1,901/sq mi",30°27′18″N 84°15′12″W﻿ / ﻿30.4551°N 84.2534°W﻿ / 30.4551; -84.2534﻿ (Tallahassee),850,John Dailey,UTC−4,UTC−5,www.talgov.com
127,128,Overland Park, Kansas,"192,536","173,372",+11.05%,194.5 km2,"2,516/sq mi",38°53′20″N 94°41′26″W﻿ / ﻿38.8890°N 94.6906°W﻿ / 38.8890; -94.6906﻿ (Overland Park),NA,Carl R. Gerlach,UTC-5,UTC-6,opkansas.org
128,129,Tempe, Arizona,"192,364","161,719",+18.95%,103.6 km2,"4,562/sq mi",33°23′18″N 111°55′54″W﻿ / ﻿33.3884°N 111.9318°W﻿ / 33.3884; -111.9318﻿ (Tempe),480,D,NA,UTC−7,www.tempe.gov
129,130,McKinney, Texas,"191,645","131,117",+46.16%,163.2 km2,"2,735/sq mi",33°11′55″N 96°40′05″W﻿ / ﻿33.1985°N 96.6680°W﻿ / 33.1985; -96.6680﻿ (McKinney),214,[1],UTC−5,UTC−6,www.mckinneytexas.org
130,131,Mobile, Alabama,"189,572","195,111",−2.84%,361.0 km2,"1,384/sq mi",30°40′06″N 88°06′01″W﻿ / ﻿30.6684°N 88.1002°W﻿ / 30.6684; -88.1002﻿ (Mobile),251,Sandy Stimpson,UTC−5,UTC−6,City of Mobile
131,132,Cape Coral, Florida,"189,343","154,305",+22.71%,273.5 km2,"1,703/sq mi",26°38′36″N 81°59′51″W﻿ / ﻿26.6432°N 81.9974°W﻿ / 26.6432; -81.9974﻿ (Cape Coral),239,NA,UTC−04:00,UTC−05:00,www.capecoral.net
132,133,Shreveport, Louisiana,"188,987","199,311",−5.18%,277.4 km2,"1,820/sq mi",32°28′01″N 93°47′32″W﻿ / ﻿32.4669°N 93.7922°W﻿ / 32.4669; -93.7922﻿ (Shreveport),318,Adrian Perkins,UTC−5,UTC−6,shreveportla.gov
133,134,Frisco, Texas,"188,170","116,989",+60.84%,175.3 km2,"2,417/sq mi",33°09′19″N 96°49′21″W﻿ / ﻿33.1554°N 96.8226°W﻿ / 33.1554; -96.8226﻿ (Frisco),972,NA,UTC-5,UTC-6,www.friscotexas.gov
134,135,Knoxville, Tennessee,"187,500","178,874",+4.82%,255.1 km2,"1,891/sq mi",35°58′15″N 83°56′57″W﻿ / ﻿35.9707°N 83.9493°W﻿ / 35.9707; -83.9493﻿ (Knoxville),NA,Madeline Rogero,UTC−4,UTC−5,www.knoxvilletn.gov
135,136,Worcester, Massachusetts,"185,877","181,045",+2.67%,96.9 km2,"4,933/sq mi",42°16′10″N 71°48′28″W﻿ / ﻿42.2695°N 71.8078°W﻿ / 42.2695; -71.8078﻿ (Worcester),508,Joseph Petty,UTC-4,UTC-5,www.worcesterma.gov
136,137,Brownsville, Texas,"183,392","175,023",+4.78%,343.2 km2,"1,387/sq mi",25°59′57″N 97°27′18″W﻿ / ﻿25.9991°N 97.4550°W﻿ / 25.9991; -97.4550﻿ (Brownsville),956,NA,UTC-5,UTC-6,www.cob.us
137,138,Vancouver, Washington,"183,012","161,791",+13.12%,121.5 km2,"3,728/sq mi",45°38′06″N 122°35′45″W﻿ / ﻿45.6349°N 122.5957°W﻿ / 45.6349; -122.5957﻿ (Vancouver),360,Anne McEnerny-Ogle,UTC−7,UTC−8,City of Vancouver
138,139,Fort Lauderdale, Florida,"182,595","165,521",+10.32%,89.6 km2,"5,166/sq mi",26°08′28″N 80°08′48″W﻿ / ﻿26.1412°N 80.1467°W﻿ / 26.1412; -80.1467﻿ (Fort Lauderdale),754,Dean Trantalis,UTC−4,UTC−5,www.fortlauderdale.gov
139,140,Sioux Falls, South Dakota,"181,883","153,888",+18.19%,195.3 km2,"2,312/sq mi",43°32′18″N 96°43′55″W﻿ / ﻿43.5383°N 96.7320°W﻿ / 43.5383; -96.7320﻿ (Sioux Falls),NA,Paul Ten Haken,UTC−5,UTC−6,www.siouxfalls.org
140,141,Ontario, California,"181,107","163,924",+10.48%,129.2 km2,"3,471/sq mi",34°02′22″N 117°36′15″W﻿ / ﻿34.0394°N 117.6042°W﻿ / 34.0394; -117.6042﻿ (Ontario),NA,NA,UTC−7,UTC−8,www.ontarioca.gov
141,142,Chattanooga, Tennessee,"180,557","167,674",+7.68%,370.6 km2,"1,241/sq mi",35°03′58″N 85°14′54″W﻿ / ﻿35.0660°N 85.2484°W﻿ / 35.0660; -85.2484﻿ (Chattanooga),423,Andy Berke,UTC-4,UTC-5,www.chattanooga.gov
142,143,Providence, Rhode Island,"179,335","178,042",+0.73%,47.7 km2,"9,740/sq mi",41°49′23″N 71°25′08″W﻿ / ﻿41.8231°N 71.4188°W﻿ / 41.8231; -71.4188﻿ (Providence),NA,Jorge Elorza,UTC−4,UTC−5,www.providenceri.com
143,144,Newport News[m], Virginia,"178,626","180,719",−1.16%,179.0 km2,"2,631/sq mi",37°04′34″N 76°31′19″W﻿ / ﻿37.0762°N 76.5220°W﻿ / 37.0762; -76.5220﻿ (Newport News),757,McKinley L. Price,UTC−4,UTC−5,www.nnva.gov
144,145,Rancho Cucamonga, California,"177,751","165,269",+7.55%,103.6 km2,"4,413/sq mi",34°07′24″N 117°33′51″W﻿ / ﻿34.1233°N 117.5642°W﻿ / 34.1233; -117.5642﻿ (Rancho Cucamonga),909,NA,UTC−7,UTC−8,www.cityofrc.us
145,146,Santa Rosa, California,"177,586","167,815",+5.82%,107.0 km2,"4,241/sq mi",38°26′48″N 122°42′22″W﻿ / ﻿38.4468°N 122.7061°W﻿ / 38.4468; -122.7061﻿ (Santa Rosa),NA,[3],UTC−7,UTC−8,ci.santa-rosa.ca.us
146,147,Oceanside, California,"176,080","167,086",+5.38%,107.0 km2,"4,249/sq mi",33°13′28″N 117°18′22″W﻿ / ﻿33.2245°N 117.3062°W﻿ / 33.2245; -117.3062﻿ (Oceanside),442/760,NA,UTC−7,UTC−8,www.ci.oceanside.ca.us
147,148,Salem, Oregon,"173,442","154,637",+12.16%,125.9 km2,"3,445/sq mi",44°55′25″N 123°01′24″W﻿ / ﻿44.9237°N 123.0232°W﻿ / 44.9237; -123.0232﻿ (Salem),503 and 971,Chuck Bennett,UTC−7,UTC−8,cityofsalem.net
148,149,Elk Grove, California,"172,886","153,015",+12.99%,109.3 km2,"4,022/sq mi",38°24′53″N 121°23′06″W﻿ / ﻿38.4146°N 121.3850°W﻿ / 38.4146; -121.3850﻿ (Elk Grove),NA,Steve Ly,UTC-7,UTC-8,elkgrovecity.org
149,150,Garden Grove, California,"172,646","170,883",+1.03%,46.6 km2,"9,714/sq mi",33°46′44″N 117°57′38″W﻿ / ﻿33.7788°N 117.9605°W﻿ / 33.7788; -117.9605﻿ (Garden Grove),657/714,NA,UTC-7,UTC-8,www.ggcity.org
150,151,Pembroke Pines, Florida,"172,374","154,019",+11.92%,85.5 km2,"5,109/sq mi",26°01′16″N 80°20′25″W﻿ / ﻿26.0210°N 80.3404°W﻿ / 26.0210; -80.3404﻿ (Pembroke Pines),954,D,UTC−4,UTC−5,City of Pembroke Pines
151,152,Peoria, Arizona,"172,259","154,065",+11.81%,455.1 km2,934/sq mi,33°47′10″N 112°18′29″W﻿ / ﻿33.7862°N 112.3080°W﻿ / 33.7862; -112.3080﻿ (Peoria),623,R,NA,UTC−7,http://www.peoriaaz.gov/
152,153,Eugene, Oregon,"171,245","156,185",+9.64%,114.2 km2,"3,777/sq mi",44°03′24″N 123°06′58″W﻿ / ﻿44.0567°N 123.1162°W﻿ / 44.0567; -123.1162﻿ (Eugene),458 and 541,Lucy Vinis,UTC-7,UTC-8,www.eugene-or.gov
153,154,Corona, California,"168,819","152,374",+10.79%,102.3 km2,"4,222/sq mi",33°51′43″N 117°33′56″W﻿ / ﻿33.8620°N 117.5655°W﻿ / 33.8620; -117.5655﻿ (Corona),NA,[4],UTC-7,UTC-8,www.discovercorona.com
154,155,Cary[v], North Carolina,"168,160","135,234",+24.35%,146.3 km2,"2,873/sq mi",35°46′51″N 78°48′48″W﻿ / ﻿35.7809°N 78.8133°W﻿ / 35.7809; -78.8133﻿ (Cary),"919, 984",Harold Weinbrecht,UTC-4,UTC-5,www.townofcary.org
155,156,Springfield, Missouri,"168,122","159,498",+5.41%,213.2 km2,"2,033/sq mi",37°11′39″N 93°17′29″W﻿ / ﻿37.1942°N 93.2913°W﻿ / 37.1942; -93.2913﻿ (Springfield),417,NA,UTC−5,UTC−6,www.springfieldmo.gov
156,157,Fort Collins, Colorado,"167,830","143,986",+16.56%,144.5 km2,"2,943/sq mi",40°32′54″N 105°03′53″W﻿ / ﻿40.5482°N 105.0648°W﻿ / 40.5482; -105.0648﻿ (Fort Collins),NA,NA,UTC−6,UTC−7,fcgov.com
157,158,Jackson, Mississippi,"164,422","173,514",−5.24%,287.5 km2,"1,524/sq mi",32°18′57″N 90°12′46″W﻿ / ﻿32.3158°N 90.2128°W﻿ / 32.3158; -90.2128﻿ (Jackson),601,Chokwe Antar Lumumba,UTC−5,UTC−6,www.jacksonms.gov
158,159,Alexandria[m], Virginia,"160,530","139,966",+14.69%,38.8 km2,"10,387/sq mi",38°49′12″N 77°05′03″W﻿ / ﻿38.8201°N 77.0841°W﻿ / 38.8201; -77.0841﻿ (Alexandria),571,D,UTC-4,UTC-5,www.alexandriava.gov
159,160,Hayward, California,"159,620","144,186",+10.70%,117.8 km2,"3,493/sq mi",37°37′43″N 122°06′09″W﻿ / ﻿37.6287°N 122.1024°W﻿ / 37.6287; -122.1024﻿ (Hayward),NA,Barbara Halliday,UTC−7,UTC−8,www.hayward-ca.gov
160,161,Lancaster, California,"159,053","156,633",+1.55%,244.2 km2,"1,698/sq mi",34°41′37″N 118°10′31″W﻿ / ﻿34.6936°N 118.1753°W﻿ / 34.6936; -118.1753﻿ (Lancaster),NA,R. Rex Parris,UTC-7,UTC-8,www.cityoflancasterca.org
161,162,Lakewood, Colorado,"156,798","142,980",+9.66%,111.1 km2,"3,599/sq mi",39°41′56″N 105°07′03″W﻿ / ﻿39.6989°N 105.1176°W﻿ / 39.6989; -105.1176﻿ (Lakewood),303,NA,UTC-6,UTC-7,City of Lakewood
162,163,Clarksville, Tennessee,"156,794","132,929",+17.95%,254.6 km2,"1,529/sq mi",36°33′59″N 87°20′43″W﻿ / ﻿36.5664°N 87.3452°W﻿ / 36.5664; -87.3452﻿ (Clarksville),931,Joe Pitts,UTC−5,UTC−6,cityofclarksville.com
163,164,Palmdale, California,"156,667","152,750",+2.56%,274.5 km2,"1,484/sq mi",34°35′28″N 118°06′19″W﻿ / ﻿34.5910°N 118.1054°W﻿ / 34.5910; -118.1054﻿ (Palmdale),NA,NA,UTC−7,UTC−8,www.cityofpalmdale.org
164,165,Salinas, California,"156,259","150,441",+3.87%,61.1 km2,"6,662/sq mi",36°41′25″N 121°38′01″W﻿ / ﻿36.6902°N 121.6337°W﻿ / 36.6902; -121.6337﻿ (Salinas),NA,[4],UTC−7,UTC−8,www.cityofsalinas.org
165,166,Springfield, Massachusetts,"155,032","153,060",+1.29%,82.6 km2,"4,830/sq mi",42°06′56″N 72°32′24″W﻿ / ﻿42.1155°N 72.5400°W﻿ / 42.1155; -72.5400﻿ (Springfield),NA,Domenic Sarno,UTC−4,UTC−5,www.springfield-ma.gov
166,167,Hollywood, Florida,"154,823","140,768",+9.98%,70.7 km2,"5,568/sq mi",26°01′52″N 80°09′53″W﻿ / ﻿26.0310°N 80.1646°W﻿ / 26.0310; -80.1646﻿ (Hollywood),954,NA,UTC−4,UTC−5,www.HollywoodFL.org
167,168,Pasadena, Texas,"153,219","149,043",+2.80%,112.7 km2,"3,525/sq mi",29°39′31″N 95°09′02″W﻿ / ﻿29.6586°N 95.1506°W﻿ / 29.6586; -95.1506﻿ (Pasadena),"713, 281, 346, and 832",NA,UTC−5,UTC−6,ci.pasadena.tx.us
168,169,Sunnyvale, California,"153,185","140,081",+9.35%,57.0 km2,"6,944/sq mi",37°23′09″N 122°01′35″W﻿ / ﻿37.3858°N 122.0263°W﻿ / 37.3858; -122.0263﻿ (Sunnyvale),408/669,[2],UTC−7,UTC−8,sunnyvale.ca.gov
169,170,Macon[w], Georgia,"153,095","91,351",+67.59%,645.7 km2,612/sq mi,32°48′32″N 83°41′39″W﻿ / ﻿32.8088°N 83.6942°W﻿ / 32.8088; -83.6942﻿ (Macon),478,Robert Reichert,UTC−4,UTC−5,maconbibb.us
170,171,Kansas City[x], Kansas,"152,958","145,786",+4.92%,323.2 km2,"1,216/sq mi",39°07′21″N 94°44′30″W﻿ / ﻿39.1225°N 94.7418°W﻿ / 39.1225; -94.7418﻿ (Kansas City),NA,NA,UTC−5,UTC−6,wycokck.org
171,172,Pomona, California,"152,361","149,058",+2.22%,59.6 km2,"6,630/sq mi",34°03′31″N 117°45′40″W﻿ / ﻿34.0585°N 117.7611°W﻿ / 34.0585; -117.7611﻿ (Pomona),NA,NA,UTC−7,UTC−8,www.ci.pomona.ca.us
172,173,Escondido, California,"152,213","143,911",+5.77%,96.1 km2,"4,087/sq mi",33°07′59″N 117°04′26″W﻿ / ﻿33.1331°N 117.0740°W﻿ / 33.1331; -117.0740﻿ (Escondido),442/760,[2],UTC−7,UTC−8,www.escondido.org
173,174,Killeen, Texas,"149,103","127,921",+16.56%,138.6 km2,"2,680/sq mi",31°04′40″N 97°43′55″W﻿ / ﻿31.0777°N 97.7320°W﻿ / 31.0777; -97.7320﻿ (Killeen),254,NA,UTC-5,UTC-6,www.killeentexas.gov
174,175,Naperville, Illinois,"148,304","141,853",+4.55%,100.2 km2,"3,802/sq mi",41°44′57″N 88°09′43″W﻿ / ﻿41.7492°N 88.1620°W﻿ / 41.7492; -88.1620﻿ (Naperville),630 and 331,Steve Chirico,UTC−5,UTC−6,www.naperville.il.us
175,176,Joliet, Illinois,"148,099","147,433",+0.45%,166.8 km2,"2,302/sq mi",41°31′04″N 88°08′56″W﻿ / ﻿41.5177°N 88.1488°W﻿ / 41.5177; -88.1488﻿ (Joliet),"815, 779",Bob O'Dekirk,UTC-5,UTC-6,www.cityofjoliet.info
176,177,Bellevue, Washington,"147,599","122,363",+20.62%,86.8 km2,"4,221/sq mi",47°35′52″N 122°09′23″W﻿ / ﻿47.5979°N 122.1565°W﻿ / 47.5979; -122.1565﻿ (Bellevue),NA,NA,UTC−7,UTC−8,www.bellevuewa.gov
177,178,Rockford, Illinois,"146,526","152,871",−4.15%,164.5 km2,"2,325/sq mi",42°15′32″N 89°03′53″W﻿ / ﻿42.2588°N 89.0646°W﻿ / 42.2588; -89.0646﻿ (Rockford),"815, 779",Thomas McNamara (D),UTC−5,UTC−6,rockfordil.gov
178,179,Savannah, Georgia,"145,862","136,286",+7.03%,268.3 km2,"1,417/sq mi",32°00′09″N 81°09′13″W﻿ / ﻿32.0025°N 81.1536°W﻿ / 32.0025; -81.1536﻿ (Savannah),912,R,UTC−4,UTC−5,savannahga.gov
179,180,Paterson, New Jersey,"145,627","146,199",−0.39%,21.8 km2,"17,500/sq mi",40°54′53″N 74°09′46″W﻿ / ﻿40.9148°N 74.1628°W﻿ / 40.9148; -74.1628﻿ (Paterson),201,NA,UTC−4,UTC−5,www.patersonnj.gov
180,181,Torrance, California,"145,182","145,438",−0.18%,53.1 km2,"7,180/sq mi",33°50′06″N 118°20′29″W﻿ / ﻿33.8350°N 118.3414°W﻿ / 33.8350; -118.3414﻿ (Torrance),310/424,NA,UTC−7,UTC−8,www.torranceca.gov
181,182,Bridgeport, Connecticut,"144,900","144,229",+0.47%,41.7 km2,"9,064/sq mi",41°11′15″N 73°11′45″W﻿ / ﻿41.1874°N 73.1958°W﻿ / 41.1874; -73.1958﻿ (Bridgeport),203/475,Joe Ganim,UTC-4,UTC-5,City of Bridgeport
182,183,McAllen, Texas,"143,433","129,877",+10.44%,151.3 km2,"2,435/sq mi",26°13′56″N 98°14′47″W﻿ / ﻿26.2322°N 98.2464°W﻿ / 26.2322; -98.2464﻿ (McAllen),956,NA,UTC−5,UTC−6,www.mcallen.net
183,184,Mesquite, Texas,"142,816","139,824",+2.14%,122.2 km2,"3,045/sq mi",32°45′46″N 96°35′20″W﻿ / ﻿32.7629°N 96.5888°W﻿ / 32.7629; -96.5888﻿ (Mesquite),214,NA,UTC-5,UTC-6,cityofmesquite.com
184,185,Syracuse, New York,"142,749","145,170",−1.67%,64.7 km2,"5,735/sq mi",43°02′28″N 76°08′37″W﻿ / ﻿43.0410°N 76.1436°W﻿ / 43.0410; -76.1436﻿ (Syracuse),315,Ben Walsh,UTC−4,UTC−5,www.syrgov.net
185,186,Midland, Texas,"142,344","111,147",+28.07%,192.7 km2,"1,809/sq mi",32°01′29″N 102°06′49″W﻿ / ﻿32.0246°N 102.1135°W﻿ / 32.0246; -102.1135﻿ (Midland),432,[1],UTC−5,UTC−6,midlandtexas.gov
186,187,Pasadena, California,"141,371","137,122",+3.10%,59.6 km2,"6,176/sq mi",34°09′38″N 118°08′23″W﻿ / ﻿34.1606°N 118.1396°W﻿ / 34.1606; -118.1396﻿ (Pasadena),323,Terry Tornek,UTC−7,UTC−8,www.cityofpasadena.net
187,188,Murfreesboro, Tennessee,"141,344","108,755",+29.97%,144.8 km2,"2,360/sq mi",35°51′08″N 86°24′58″W﻿ / ﻿35.8522°N 86.4160°W﻿ / 35.8522; -86.4160﻿ (Murfreesboro),"615, 629",R,UTC−5,UTC−6,City of Murfreesboro
188,189,Miramar, Florida,"140,823","122,041",+15.39%,76.1 km2,"4,709/sq mi",25°58′37″N 80°20′09″W﻿ / ﻿25.9770°N 80.3358°W﻿ / 25.9770; -80.3358﻿ (Miramar),754,Wayne M. Messam,UTC-4,UTC-5,www.miramarfl.gov
189,190,Dayton, Ohio,"140,640","141,527",−0.63%,144.3 km2,"2,522/sq mi",39°46′39″N 84°11′59″W﻿ / ﻿39.7774°N 84.1996°W﻿ / 39.7774; -84.1996﻿ (Dayton),NA,Nan Whaley,UTC-4,UTC-5,daytonohio.gov
190,191,Fullerton, California,"139,640","135,161",+3.31%,58.0 km2,"6,282/sq mi",33°53′09″N 117°55′41″W﻿ / ﻿33.8857°N 117.9280°W﻿ / 33.8857; -117.9280﻿ (Fullerton),562,NA,UTC-7,UTC-8,www.ci.fullerton.ca.us
191,192,Olathe, Kansas,"139,605","125,872",+10.91%,157.7 km2,"2,225/sq mi",38°53′03″N 94°49′10″W﻿ / ﻿38.8843°N 94.8195°W﻿ / 38.8843; -94.8195﻿ (Olathe),NA,NA,UTC-5,UTC-6,olatheks.org
192,193,Orange, California,"139,484","136,416",+2.25%,65.8 km2,"5,532/sq mi",33°47′13″N 117°51′41″W﻿ / ﻿33.7870°N 117.8613°W﻿ / 33.7870; -117.8613﻿ (Orange),657/714,NA,UTC−07:00,UTC−08:00,cityoforange.org
193,194,Thornton, Colorado,"139,436","118,772",+17.40%,92.5 km2,"3,829/sq mi",39°55′10″N 104°56′34″W﻿ / ﻿39.9194°N 104.9428°W﻿ / 39.9194; -104.9428﻿ (Thornton),303,NA,UTC−6,UTC−7,City of Thornton
194,195,Roseville, California,"139,117","118,788",+17.11%,111.4 km2,"3,085/sq mi",38°46′08″N 121°19′08″W﻿ / ﻿38.7690°N 121.3189°W﻿ / 38.7690; -121.3189﻿ (Roseville),NA,[2],UTC−7,UTC−8,www.roseville.ca.us
195,196,Denton, Texas,"138,541","113,383",+22.19%,241.9 km2,"1,433/sq mi",33°13′00″N 97°08′29″W﻿ / ﻿33.2166°N 97.1414°W﻿ / 33.2166; -97.1414﻿ (Denton),940,NA,UTC-5,UTC-6,City of Denton
196,197,Waco, Texas,"138,183","124,805",+10.72%,230.5 km2,"1,510/sq mi",31°33′36″N 97°11′10″W﻿ / ﻿31.5601°N 97.1860°W﻿ / 31.5601; -97.1860﻿ (Waco),NA,NA,UTC−5,UTC−6,Waco-Texas.com
197,198,Surprise, Arizona,"138,161","117,517",+17.57%,279.5 km2,"1,230/sq mi",33°40′14″N 112°27′10″W﻿ / ﻿33.6706°N 112.4527°W﻿ / 33.6706; -112.4527﻿ (Surprise),623,NA,NA,UTC-7,http://www.surpriseaz.gov
198,199,Carrollton, Texas,"136,879","119,097",+14.93%,94.0 km2,"3,674/sq mi",32°59′18″N 96°53′59″W﻿ / ﻿32.9884°N 96.8998°W﻿ / 32.9884; -96.8998﻿ (Carrollton),972,Kevin Falconer,UTC-5,UTC-6,http://www.cityofcarrollton.com
199,200,West Valley City, Utah,"136,401","129,480",+5.35%,91.9 km2,"3,847/sq mi",40°41′19″N 112°00′42″W﻿ / ﻿40.6885°N 112.0118°W﻿ / 40.6885; -112.0118﻿ (West Valley City),"385, 801",Ron Bigelow,UTC−6,UTC−7,www.wvc-ut.gov
200,201,Charleston, South Carolina,"136,208","120,083",+13.43%,282.3 km2,"1,233/sq mi",32°49′04″N 79°57′32″W﻿ / ﻿32.8179°N 79.9590°W﻿ / 32.8179; -79.9590﻿ (Charleston),NA,John Tecklenburg,UTC-4,UTC-5,www.charleston-sc.gov
201,202,Warren, Michigan,"134,587","134,056",+0.40%,89.1 km2,"3,928/sq mi",42°29′34″N 83°01′30″W﻿ / ﻿42.4929°N 83.0250°W﻿ / 42.4929; -83.0250﻿ (Warren),586,James R. Fouts,UTC-4,UTC-5,Official website
202,203,Hampton[m], Virginia,"134,313","137,436",−2.27%,133.4 km2,"2,629/sq mi",37°02′53″N 76°17′50″W﻿ / ﻿37.0480°N 76.2971°W﻿ / 37.0480; -76.2971﻿ (Hampton),757,Donnie Tuck,UTC-4,UTC-5,http://www.hampton.gov
203,204,Gainesville, Florida,"133,857","124,354",+7.64%,161.4 km2,"2,112/sq mi",29°40′44″N 82°20′46″W﻿ / ﻿29.6788°N 82.3461°W﻿ / 29.6788; -82.3461﻿ (Gainesville),NA,Lauren Poe,UTC−4,UTC−5,www.cityofgainesville.org
204,205,Visalia, California,"133,800","124,442",+7.52%,97.1 km2,"3,495/sq mi",36°19′38″N 119°19′44″W﻿ / ﻿36.3273°N 119.3289°W﻿ / 36.3273; -119.3289﻿ (Visalia),559,NA,UTC-7,UTC-8,www.ci.visalia.ca.us
205,206,Coral Springs, Florida,"133,507","121,096",+10.25%,61.6 km2,"5,465/sq mi",26°16′15″N 80°15′33″W﻿ / ﻿26.2707°N 80.2593°W﻿ / 26.2707; -80.2593﻿ (Coral Springs),754,NA,UTC-4,UTC-5,www.CoralSprings.org
206,207,Columbia, South Carolina,"133,451","129,272",+3.23%,345.8 km2,"1,006/sq mi",34°01′45″N 80°53′53″W﻿ / ﻿34.0291°N 80.8980°W﻿ / 34.0291; -80.8980﻿ (Columbia),803,Stephen K. Benjamin,UTC-4,UTC-5,www.columbiasc.net
207,208,Cedar Rapids, Iowa,"133,174","126,326",+5.42%,183.4 km2,"1,852/sq mi",41°58′01″N 91°40′40″W﻿ / ﻿41.9670°N 91.6778°W﻿ / 41.9670; -91.6778﻿ (Cedar Rapids),NA,R,UTC-5,UTC-6,cedar-rapids.org
208,209,Sterling Heights, Michigan,"132,964","129,699",+2.52%,94.5 km2,"3,628/sq mi",42°34′52″N 83°01′49″W﻿ / ﻿42.5812°N 83.0303°W﻿ / 42.5812; -83.0303﻿ (Sterling Heights),586,NA,UTC−4,UTC−5,Official website
209,210,New Haven, Connecticut,"130,418","129,779",+0.49%,48.4 km2,"6,948/sq mi",41°18′39″N 72°55′30″W﻿ / ﻿41.3108°N 72.9250°W﻿ / 41.3108; -72.9250﻿ (New Haven),203/475,Toni Harp,UTC−4,UTC−5,www.newhavenct.gov
210,211,Stamford, Connecticut,"129,775","122,643",+5.82%,97.4 km2,"3,434/sq mi",41°04′48″N 73°32′46″W﻿ / ﻿41.0799°N 73.5460°W﻿ / 41.0799; -73.5460﻿ (Stamford),NA,David Martin,UTC-4,UTC-5,www.stamfordct.gov
211,212,Concord, California,"129,688","122,067",+6.24%,79.0 km2,"4,221/sq mi",37°58′20″N 122°00′06″W﻿ / ﻿37.9722°N 122.0016°W﻿ / 37.9722; -122.0016﻿ (Concord),NA,[3],UTC−7,UTC−8,Official website
212,213,Kent, Washington,"129,618","92,411",+40.26%,87.3 km2,"3,784/sq mi",47°23′17″N 122°12′46″W﻿ / ﻿47.3880°N 122.2127°W﻿ / 47.3880; -122.2127﻿ (Kent),253,NA,UTC-7,UTC-8,kentwa.gov
213,214,Santa Clara, California,"129,488","116,468",+11.18%,47.7 km2,"6,845/sq mi",37°21′53″N 121°58′04″W﻿ / ﻿37.3646°N 121.9679°W﻿ / 37.3646; -121.9679﻿ (Santa Clara),408/669,NA,UTC−7,UTC−8,santaclaraca.gov
214,215,Elizabeth, New Jersey,"128,885","124,969",+3.13%,31.9 km2,"10,459/sq mi",40°39′59″N 74°11′37″W﻿ / ﻿40.6664°N 74.1935°W﻿ / 40.6664; -74.1935﻿ (Elizabeth),908,"J. Christian ""Chris"" Bollwage",UTC−04:00,UTC−05:00,www.elizabethnj.org
215,216,Round Rock, Texas,"128,739","99,887",+28.88%,92.2 km2,"3,396/sq mi",30°31′31″N 97°39′58″W﻿ / ﻿30.5252°N 97.6660°W﻿ / 30.5252; -97.6660﻿ (Round Rock),512 & 737,NA,UTC−5,UTC−6,roundrocktexas.gov
216,217,Thousand Oaks, California,"127,690","126,683",+0.79%,143.0 km2,"2,335/sq mi",34°11′36″N 118°52′27″W﻿ / ﻿34.1933°N 118.8742°W﻿ / 34.1933; -118.8742﻿ (Thousand Oaks),805/820,R,UTC−7,UTC−8,www.toaks.org
217,218,Lafayette[y], Louisiana,"126,143","120,623",+4.58%,139.3 km2,"2,372/sq mi",30°12′27″N 92°01′43″W﻿ / ﻿30.2074°N 92.0285°W﻿ / 30.2074; -92.0285﻿ (Lafayette),337,NA,UTC-5,UTC-6,www.lafayettetravel.com
218,219,Athens[z], Georgia,"125,964","115,452",+9.11%,301.5 km2,"1,060/sq mi",33°56′59″N 83°22′12″W﻿ / ﻿33.9496°N 83.3701°W﻿ / 33.9496; -83.3701﻿ (Athens),706,Kelly Girtz,UTC−4,UTC−5,athensclarkecounty.com
219,220,Topeka, Kansas,"125,904","127,473",−1.23%,159.3 km2,"2,062/sq mi",39°02′05″N 95°41′46″W﻿ / ﻿39.0347°N 95.6962°W﻿ / 39.0347; -95.6962﻿ (Topeka),NA,Michelle De La Isla,UTC-5,UTC-6,topeka.org
220,221,Simi Valley, California,"125,851","124,237",+1.30%,107.5 km2,"3,044/sq mi",34°16′01″N 118°44′55″W﻿ / ﻿34.2669°N 118.7485°W﻿ / 34.2669; -118.7485﻿ (Simi Valley),NA,NA,UTC−7,UTC−8,www.simivalley.org
221,222,Fargo,  North Dakota,"124,844","105,549",+18.28%,127.7 km2,"2,450/sq mi",46°51′55″N 96°49′44″W﻿ / ﻿46.8652°N 96.8290°W﻿ / 46.8652; -96.8290﻿ (Fargo),NA,Tim Mahoney,UTC-5,UTC-6,City of Fargo
222,223,Norman, Oklahoma,"123,471","110,925",+11.31%,463.1 km2,683/sq mi,35°14′26″N 97°20′43″W﻿ / ﻿35.2406°N 97.3453°W﻿ / 35.2406; -97.3453﻿ (Norman),405,NA,UTC−5,UTC−6,www.ci.norman.ok.us
223,224,Columbia, Missouri,"123,180","108,500",+13.53%,168.3 km2,"1,856/sq mi",38°57′06″N 92°19′43″W﻿ / ﻿38.951561°N 92.328638°W﻿ / 38.951561; -92.328638﻿ (Columbia),573,[3],UTC-5,UTC-6,www.como.gov
224,225,Abilene, Texas,"122,999","117,063",+5.07%,276.4 km2,"1,146/sq mi",32°27′16″N 99°44′17″W﻿ / ﻿32.4545°N 99.7381°W﻿ / 32.4545; -99.7381﻿ (Abilene),NA,NA,UTC−5,UTC−6,abilenetx.com
225,226,Wilmington, North Carolina,"122,607","106,476",+15.15%,133.6 km2,"2,278/sq mi",34°12′33″N 77°53′09″W﻿ / ﻿34.2092°N 77.8858°W﻿ / 34.2092; -77.8858﻿ (Wilmington),910,Bill Saffo,UTC−4,UTC−5,http://www.wilmingtonnc.gov/
226,227,Hartford, Connecticut,"122,587","124,775",−1.75%,45.1 km2,"7,083/sq mi",41°45′57″N 72°40′54″W﻿ / ﻿41.7659°N 72.6816°W﻿ / 41.7659; -72.6816﻿ (Hartford),NA,Luke Bronin,UTC−4,UTC−5,www.hartford.gov
227,228,Victorville, California,"122,312","115,903",+5.53%,189.8 km2,"1,668/sq mi",34°31′40″N 117°21′13″W﻿ / ﻿34.5277°N 117.3536°W﻿ / 34.5277; -117.3536﻿ (Victorville),442/760,[4],UTC-7,UTC-8,www.victorvilleca.gov
228,229,Pearland, Texas,"122,149","91,252",+33.86%,119.9 km2,"2,453/sq mi",29°33′21″N 95°19′23″W﻿ / ﻿29.5558°N 95.3231°W﻿ / 29.5558; -95.3231﻿ (Pearland),281,NA,UTC−5,UTC−6,www.cityofpearland.com
229,230,Vallejo, California,"121,913","115,942",+5.15%,79.5 km2,"3,951/sq mi",38°06′28″N 122°15′50″W﻿ / ﻿38.1079°N 122.2640°W﻿ / 38.1079; -122.2640﻿ (Vallejo),NA,[2],UTC−7,UTC−8,www.ci.vallejo.ca.us
230,231,Ann Arbor, Michigan,"121,890","113,934",+6.98%,72.8 km2,"4,298/sq mi",42°16′34″N 83°43′51″W﻿ / ﻿42.2761°N 83.7309°W﻿ / 42.2761; -83.7309﻿ (Ann Arbor),NA,Christopher Taylor,UTC-4,UTC-5,Official website
231,232,Berkeley, California,"121,643","112,580",+8.05%,27.2 km2,"11,547/sq mi",37°52′01″N 122°17′57″W﻿ / ﻿37.8670°N 122.2991°W﻿ / 37.8670; -122.2991﻿ (Berkeley),NA,Jesse Arreguín,UTC−7,UTC−8,www.cityofberkeley.info
232,233,Allentown, Pennsylvania,"121,433","118,032",+2.88%,45.3 km2,"6,882/sq mi",40°35′37″N 75°28′42″W﻿ / ﻿40.5936°N 75.4784°W﻿ / 40.5936; -75.4784﻿ (Allentown),610,Ray O'Connell,UTC−4,UTC−5,www.allentownpa.gov
233,234,Richardson, Texas,"120,981","99,223",+21.93%,74.1 km2,"3,963/sq mi",32°58′20″N 96°42′29″W﻿ / ﻿32.9723°N 96.7081°W﻿ / 32.9723; -96.7081﻿ (Richardson),"214, 469, 972",NA,UTC−5,UTC−6,www.cor.net
234,235,Odessa, Texas,"120,568","99,940",+20.64%,117.1 km2,"2,608/sq mi",31°53′02″N 102°20′28″W﻿ / ﻿31.8838°N 102.3411°W﻿ / 31.8838; -102.3411﻿ (Odessa),432,NA,UTC−5,UTC−6,www.odessa-tx.gov
235,236,Arvada, Colorado,"120,492","106,433",+13.21%,100.0 km2,"3,043/sq mi",39°50′01″N 105°09′01″W﻿ / ﻿39.8337°N 105.1503°W﻿ / 39.8337; -105.1503﻿ (Arvada),303,[5],UTC−6,UTC−7,arvada.org
236,237,Cambridge, Massachusetts,"118,977","105,162",+13.14%,16.6 km2,"17,289/sq mi",42°22′34″N 71°07′07″W﻿ / ﻿42.3760°N 71.1187°W﻿ / 42.3760; -71.1187﻿ (Cambridge),617,NA,UTC−4,UTC−5,cambridgema.gov
237,238,Sugar Land, Texas,"118,600","78,817",+50.48%,88.1 km2,"3,488/sq mi",29°35′58″N 95°36′51″W﻿ / ﻿29.5994°N 95.6142°W﻿ / 29.5994; -95.6142﻿ (Sugar Land),281,NA,UTC−5,UTC−6,www.sugarlandtx.gov
238,239,Beaumont, Texas,"118,428","118,296",+0.11%,212.6 km2,"1,441/sq mi",30°05′06″N 94°08′43″W﻿ / ﻿30.0849°N 94.1453°W﻿ / 30.0849; -94.1453﻿ (Beaumont),NA,NA,UTC−5,UTC−6,beaumonttexas.gov
239,240,Lansing, Michigan,"118,427","114,297",+3.61%,101.3 km2,"2,967/sq mi",42°42′51″N 84°33′33″W﻿ / ﻿42.7143°N 84.5593°W﻿ / 42.7143; -84.5593﻿ (Lansing),NA,Andy Schor,UTC-4,UTC-5,www.lansingmi.gov
240,241,Evansville, Indiana,"117,963","117,429",+0.45%,122.5 km2,"2,526/sq mi",37°59′16″N 87°32′05″W﻿ / ﻿37.9877°N 87.5347°W﻿ / 37.9877; -87.5347﻿ (Evansville),812 & 930,Lloyd Winnecke,UTC-5,UTC-6,City of Evansville
241,242,Rochester, Minnesota,"116,961","106,769",+9.55%,141.4 km2,"2,088/sq mi",44°00′55″N 92°28′38″W﻿ / ﻿44.0154°N 92.4772°W﻿ / 44.0154; -92.4772﻿ (Rochester),507,Kim Norton,UTC−5,UTC−6,www.rochestermn.gov
242,243,Independence, Missouri,"116,925","116,830",+0.08%,201.5 km2,"1,504/sq mi",39°05′08″N 94°21′08″W﻿ / ﻿39.0855°N 94.3521°W﻿ / 39.0855; -94.3521﻿ (Independence),816,NA,UTC−5,UTC−6,City of Independence
243,244,Fairfield, California,"116,884","105,321",+10.98%,105.9 km2,"2,806/sq mi",38°15′33″N 122°01′56″W﻿ / ﻿38.2593°N 122.0321°W﻿ / 38.2593; -122.0321﻿ (Fairfield),NA,[3],UTC−7,UTC−8,www.fairfield.ca.gov
244,245,Provo, Utah,"116,702","112,488",+3.75%,108.0 km2,"2,803/sq mi",40°14′43″N 111°38′41″W﻿ / ﻿40.2453°N 111.6448°W﻿ / 40.2453; -111.6448﻿ (Provo),"385, 801",Michelle Kaufusi,UTC−6,UTC−7,www.provo.org
245,246,Clearwater, Florida,"116,478","107,685",+8.17%,67.1 km2,"4,415/sq mi",27°58′44″N 82°46′00″W﻿ / ﻿27.9789°N 82.7666°W﻿ / 27.9789; -82.7666﻿ (Clearwater),727,George N. Cretekos,UTC-4,UTC-5,www.myclearwater.com
246,247,College Station, Texas,"116,218","93,857",+23.82%,132.1 km2,"2,199/sq mi",30°35′07″N 96°17′47″W﻿ / ﻿30.5852°N 96.2964°W﻿ / 30.5852; -96.2964﻿ (College Station),979,NA,UTC-5,UTC-6,www.cstx.gov
247,248,West Jordan, Utah,"116,046","103,712",+11.89%,83.7 km2,"3,520/sq mi",40°36′09″N 112°00′03″W﻿ / ﻿40.6024°N 112.0008°W﻿ / 40.6024; -112.0008﻿ (West Jordan),"385, 801",NA,UTC−6,UTC−7,www.westjordan.utah.gov
248,249,Carlsbad, California,"115,877","105,328",+10.02%,97.6 km2,"3,023/sq mi",33°07′26″N 117°16′58″W﻿ / ﻿33.1239°N 117.2828°W﻿ / 33.1239; -117.2828﻿ (Carlsbad),442/760,NA,UTC−7,UTC−8,www.carlsbadca.gov
249,250,El Monte, California,"115,586","113,475",+1.86%,24.9 km2,"12,063/sq mi",34°04′29″N 118°01′45″W﻿ / ﻿34.0746°N 118.0291°W﻿ / 34.0746; -118.0291﻿ (El Monte),626,Andre Quintero,UTC−7,UTC−8,ci.el-monte.ca.us
250,251,Murrieta, California,"114,985","103,466",+11.13%,87.0 km2,"3,324/sq mi",33°34′20″N 117°11′25″W﻿ / ﻿33.5721°N 117.1904°W﻿ / 33.5721; -117.1904﻿ (Murrieta),NA,NA,UTC−7,UTC−8,www.murrieta.org
251,252,Temecula, California,"114,742","100,097",+14.63%,96.6 km2,"3,031/sq mi",33°29′35″N 117°07′54″W﻿ / ﻿33.4931°N 117.1317°W﻿ / 33.4931; -117.1317﻿ (Temecula),NA,NA,UTC−7,UTC−8,temeculaca.gov
252,253,Springfield, Illinois,"114,694","116,250",−1.34%,155.7 km2,"1,925/sq mi",39°47′28″N 89°38′41″W﻿ / ﻿39.7911°N 89.6446°W﻿ / 39.7911; -89.6446﻿ (Springfield),NA,Jim Langfelder,UTC−5,UTC−6,www.springfield.il.us
253,254,Palm Bay, Florida,"114,194","103,190",+10.66%,170.2 km2,"1,676/sq mi",27°59′08″N 80°39′45″W﻿ / ﻿27.9856°N 80.6626°W﻿ / 27.9856; -80.6626﻿ (Palm Bay),321,NA,UTC−4,UTC−5,www.PalmBayFlorida.org
254,255,Costa Mesa, California,"113,615","109,960",+3.32%,40.7 km2,"7,186/sq mi",33°39′57″N 117°54′44″W﻿ / ﻿33.6659°N 117.9123°W﻿ / 33.6659; -117.9123﻿ (Costa Mesa),714,NA,UTC-7,UTC-8,www.costamesaca.gov
255,256,Westminster, Colorado,"113,479","106,114",+6.94%,82.1 km2,"3,592/sq mi",39°52′56″N 105°03′52″W﻿ / ﻿39.8822°N 105.0644°W﻿ / 39.8822; -105.0644﻿ (Westminster),303,NA,UTC−6,UTC−7,www.cityofwestminster.us
256,257,North Charleston, South Carolina,"113,237","97,471",+16.18%,190.9 km2,"1,483/sq mi",32°55′04″N 80°03′54″W﻿ / ﻿32.9178°N 80.0650°W﻿ / 32.9178; -80.0650﻿ (North Charleston),843 and 854,NA,UTC−4,UTC−5,www.northcharleston.org
257,258,Miami Gardens, Florida,"113,069","107,167",+5.51%,47.1 km2,"6,212/sq mi",25°56′56″N 80°14′37″W﻿ / ﻿25.9489°N 80.2436°W﻿ / 25.9489; -80.2436﻿ (Miami Gardens),305,NA,UTC-4,UTC-5,miamigardens-fl.gov
258,259,Manchester, New Hampshire,"112,525","109,565",+2.70%,85.7 km2,"3,339/sq mi",42°59′06″N 71°26′39″W﻿ / ﻿42.9849°N 71.4441°W﻿ / 42.9849; -71.4441﻿ (Manchester),603,Joyce Craig,UTC-4,UTC-5,www.manchesternh.gov
259,260,High Point, North Carolina,"112,316","104,371",+7.61%,143.0 km2,"2,015/sq mi",35°59′24″N 79°59′26″W﻿ / ﻿35.9900°N 79.9905°W﻿ / 35.9900; -79.9905﻿ (High Point),336,NA,UTC−4,UTC−5,www.highpointnc.gov
260,261,Downey, California,"112,269","111,772",+0.44%,32.1 km2,"9,134/sq mi",33°56′18″N 118°07′51″W﻿ / ﻿33.9382°N 118.1309°W﻿ / 33.9382; -118.1309﻿ (Downey),NA,NA,UTC-7,UTC-8,www.downeyca.org
261,262,Clovis, California,"112,022","95,631",+17.14%,62.7 km2,"4,404/sq mi",36°49′42″N 119°41′06″W﻿ / ﻿36.8282°N 119.6849°W﻿ / 36.8282; -119.6849﻿ (Clovis),NA,[3],UTC−7,UTC−8,www.ci.clovis.ca.us
262,263,Pompano Beach, Florida,"111,954","99,845",+12.13%,62.2 km2,"4,558/sq mi",26°14′30″N 80°08′02″W﻿ / ﻿26.2416°N 80.1339°W﻿ / 26.2416; -80.1339﻿ (Pompano Beach),754,NA,UTC−4,UTC−5,www.pompanobeachfl.gov
263,264,Pueblo, Colorado,"111,750","106,595",+4.84%,138.8 km2,"2,058/sq mi",38°16′12″N 104°36′44″W﻿ / ﻿38.2699°N 104.6123°W﻿ / 38.2699; -104.6123﻿ (Pueblo),719,Nick Gradisar,UTC−6,UTC−7,pueblo.us
264,265,Elgin, Illinois,"111,683","108,188",+3.23%,96.9 km2,"2,998/sq mi",42°02′23″N 88°19′18″W﻿ / ﻿42.0396°N 88.3217°W﻿ / 42.0396; -88.3217﻿ (Elgin),331,Dave Kaptain,UTC−5,UTC−6,cityofelgin.org
265,266,Lowell, Massachusetts,"111,670","106,519",+4.84%,35.2 km2,"8,129/sq mi",42°38′20″N 71°19′16″W﻿ / ﻿42.6390°N 71.3211°W﻿ / 42.6390; -71.3211﻿ (Lowell),978,NA,UTC−4,UTC−5,"City of Lowell, Massachusetts"
266,267,Antioch, California,"111,535","102,372",+8.95%,76.1 km2,"3,772/sq mi",37°58′45″N 121°47′46″W﻿ / ﻿37.9791°N 121.7962°W﻿ / 37.9791; -121.7962﻿ (Antioch),NA,[2],UTC−7,UTC−8,www.ci.antioch.ca.us
267,268,West Palm Beach, Florida,"111,398","99,919",+11.49%,142.7 km2,"1,963/sq mi",26°44′47″N 80°07′30″W﻿ / ﻿26.7464°N 80.1251°W﻿ / 26.7464; -80.1251﻿ (West Palm Beach),NA,[2],UTC−4,UTC−5,http://wpb.org
268,269,Peoria, Illinois,"111,388","115,007",−3.15%,124.8 km2,"2,371/sq mi",40°45′05″N 89°37′03″W﻿ / ﻿40.7515°N 89.6174°W﻿ / 40.7515; -89.6174﻿ (Peoria),309,Jim Ardis,UTC−5,UTC−6,www.peoriagov.org
269,270,Everett, Washington,"111,262","103,019",+8.00%,86.2 km2,"3,275/sq mi",47°57′24″N 122°11′29″W﻿ / ﻿47.9566°N 122.1914°W﻿ / 47.9566; -122.1914﻿ (Everett),425,NA,UTC−7,UTC−8,everettwa.gov
270,271,Ventura[aa], California,"111,128","106,433",+4.41%,56.5 km2,"5,027/sq mi",34°16′04″N 119°15′15″W﻿ / ﻿34.2678°N 119.2542°W﻿ / 34.2678; -119.2542﻿ (Ventura),805,[2],UTC−7,UTC−8,cityofventura.net
271,272,Centennial, Colorado,"110,831","100,377",+10.41%,76.4 km2,"3,727/sq mi",39°35′26″N 104°52′09″W﻿ / ﻿39.5906°N 104.8691°W﻿ / 39.5906; -104.8691﻿ (Centennial),303,NA,UTC-6,UTC-7,www.centennialco.gov
272,273,Lakeland, Florida,"110,516","97,422",+13.44%,170.7 km2,"1,615/sq mi",28°03′20″N 81°57′18″W﻿ / ﻿28.0555°N 81.9549°W﻿ / 28.0555; -81.9549﻿ (Lakeland),863,NA,UTC-4,UTC-5,http://www.lakelandgov.net/
273,274,Gresham, Oregon,"110,158","105,594",+4.32%,60.3 km2,"4,786/sq mi",45°30′08″N 122°26′30″W﻿ / ﻿45.5023°N 122.4416°W﻿ / 45.5023; -122.4416﻿ (Gresham),503 and 971,Shane Bemis,UTC−7,UTC−8,www.greshamoregon.gov
274,275,Richmond, California,"110,146","103,701",+6.21%,78.0 km2,"3,648/sq mi",37°57′08″N 122°21′38″W﻿ / ﻿37.9523°N 122.3606°W﻿ / 37.9523; -122.3606﻿ (Richmond),NA,NA,UTC−7,UTC−8,www.ci.richmond.ca.us
275,276,Billings, Montana,"109,550","104,170",+5.16%,113.2 km2,"2,525/sq mi",45°47′19″N 108°33′00″W﻿ / ﻿45.7885°N 108.5499°W﻿ / 45.7885; -108.5499﻿ (Billings),406,NA,UTC−6,UTC−7,CityofBillings.Net
276,277,Inglewood, California,"109,419","109,673",−0.23%,23.6 km2,"12,160/sq mi",33°57′22″N 118°20′39″W﻿ / ﻿33.9561°N 118.3443°W﻿ / 33.9561; -118.3443﻿ (Inglewood),310/424,NA,UTC−7,UTC−8,www.cityofinglewood.org
277,278,Broken Arrow, Oklahoma,"109,171","98,850",+10.44%,159.8 km2,"1,741/sq mi",36°02′11″N 95°46′52″W﻿ / ﻿36.0365°N 95.7810°W﻿ / 36.0365; -95.7810﻿ (Broken Arrow),539/918,NA,UTC−5,UTC−6,City of Broken Arrow
278,279,Sandy Springs, Georgia,"108,797","93,853",+15.92%,97.6 km2,"2,804/sq mi",33°55′53″N 84°22′07″W﻿ / ﻿33.9315°N 84.3687°W﻿ / 33.9315; -84.3687﻿ (Sandy Springs),NA,Rusty Paul,UTC−4,UTC−5,www.sandyspringsga.gov
279,280,Jurupa Valley, California,"108,393",0,NA[ab],111.1 km2,"2,414/sq mi",34°00′09″N 117°28′03″W﻿ / ﻿34.0026°N 117.4676°W﻿ / 34.0026; -117.4676﻿ (Jurupa Valley),951,NA,UTC-7,UTC-8,jurupavalley.org
280,281,Hillsboro, Oregon,"108,389","91,611",+18.31%,64.7 km2,"4,207/sq mi",45°31′41″N 122°56′09″W﻿ / ﻿45.5280°N 122.9357°W﻿ / 45.5280; -122.9357﻿ (Hillsboro),503 and 971,Steve Callaway,UTC−7,UTC−8,www.hillsboro-oregon.gov
281,282,Waterbury, Connecticut,"108,093","110,366",−2.06%,73.8 km2,"3,799/sq mi",41°33′31″N 73°02′12″W﻿ / ﻿41.5585°N 73.0367°W﻿ / 41.5585; -73.0367﻿ (Waterbury),203,Neil O'Leary,UTC−4,UTC−5,www.waterburyct.org
282,283,Santa Maria, California,"107,408","99,553",+7.89%,59.1 km2,"4,662/sq mi",34°56′00″N 120°26′38″W﻿ / ﻿34.9332°N 120.4438°W﻿ / 34.9332; -120.4438﻿ (Santa Maria),NA,[3],UTC−7,UTC−8,www.ci.santa-maria.ca.us
283,284,Boulder, Colorado,"107,353","97,385",+10.24%,64.2 km2,"4,358/sq mi",40°01′37″N 105°15′07″W﻿ / ﻿40.0270°N 105.2519°W﻿ / 40.0270; -105.2519﻿ (Boulder),303,NA,UTC-6,UTC-7,bouldercolorado.gov
284,285,Greeley, Colorado,"107,348","92,889",+15.57%,123.8 km2,"2,176/sq mi",40°24′55″N 104°46′11″W﻿ / ﻿40.4153°N 104.7697°W﻿ / 40.4153; -104.7697﻿ (Greeley),NA,[4],UTC−6,UTC−7,City of Greeley Colorado
285,286,Daly City, California,"107,008","101,123",+5.82%,19.7 km2,"14,009/sq mi",37°42′03″N 122°27′54″W﻿ / ﻿37.7009°N 122.4650°W﻿ / 37.7009; -122.4650﻿ (Daly City),NA,[2],UTC−7,UTC−8,www.dalycity.org
286,287,Meridian, Idaho,"106,804","75,092",+42.23%,77.2 km2,"3,584/sq mi",43°36′51″N 116°23′56″W﻿ / ﻿43.6142°N 116.3989°W﻿ / 43.6142; -116.3989﻿ (Meridian),208,NA,UTC−6,UTC−7,www.meridiancity.org
287,288,Lewisville, Texas,"106,586","95,290",+11.85%,95.1 km2,"2,852/sq mi",33°02′48″N 96°58′54″W﻿ / ﻿33.0466°N 96.9818°W﻿ / 33.0466; -96.9818﻿ (Lewisville),"214, 469, 972",NA,UTC−5,UTC−6,www.cityoflewisville.com
288,289,Davie[ac], Florida,"106,558","91,992",+15.83%,90.4 km2,"2,919/sq mi",26°04′45″N 80°17′06″W﻿ / ﻿26.0791°N 80.2850°W﻿ / 26.0791; -80.2850﻿ (Davie),754,D,UTC-4,UTC-5,www.davie-fl.gov
289,290,West Covina, California,"106,311","106,098",+0.20%,41.4 km2,"6,740/sq mi",34°03′21″N 117°54′36″W﻿ / ﻿34.0559°N 117.9099°W﻿ / 34.0559; -117.9099﻿ (West Covina),626,[2],UTC−7,UTC−8,www.westcovina.org
290,291,League City, Texas,"106,244","83,560",+27.15%,132.6 km2,"1,992/sq mi",29°29′24″N 95°06′33″W﻿ / ﻿29.4901°N 95.1091°W﻿ / 29.4901; -95.1091﻿ (League City),281/346/713/832,NA,UTC-5,UTC-6,http://www.leaguecitytx.gov
291,292,Tyler, Texas,"105,729","96,900",+9.11%,146.6 km2,"1,852/sq mi",32°19′02″N 95°18′21″W﻿ / ﻿32.3173°N 95.3059°W﻿ / 32.3173; -95.3059﻿ (Tyler),430/903,Martin Heines,UTC−5,UTC−6,www.cityoftyler.org
292,293,Norwalk, California,"105,120","105,549",−0.41%,25.1 km2,"10,946/sq mi",33°54′27″N 118°05′01″W﻿ / ﻿33.9076°N 118.0835°W﻿ / 33.9076; -118.0835﻿ (Norwalk),562,NA,UTC−7,UTC−8,www.norwalk.org
293,294,San Mateo, California,"105,025","97,207",+8.04%,31.3 km2,"8,592/sq mi",37°33′37″N 122°18′38″W﻿ / ﻿37.5603°N 122.3106°W﻿ / 37.5603; -122.3106﻿ (San Mateo),NA,[2],UTC−7,UTC−8,www.cityofsanmateo.org
294,295,Green Bay, Wisconsin,"104,879","104,057",+0.79%,117.6 km2,"2,316/sq mi",44°31′15″N 87°59′03″W﻿ / ﻿44.5207°N 87.9842°W﻿ / 44.5207; -87.9842﻿ (Green Bay),NA,Eric Genrich,UTC−5,UTC−6,greenbaywi.gov
295,296,Wichita Falls, Texas,"104,576","104,553",+0.02%,187.0 km2,"1,450/sq mi",33°54′24″N 98°31′33″W﻿ / ﻿33.9067°N 98.5259°W﻿ / 33.9067; -98.5259﻿ (Wichita Falls),940,Stephen Santellana,UTC−5,UTC−6,City of Wichita Falls
296,297,Sparks, Nevada,"104,246","90,264",+15.49%,93.0 km2,"2,810/sq mi",39°33′16″N 119°44′08″W﻿ / ﻿39.5544°N 119.7356°W﻿ / 39.5544; -119.7356﻿ (Sparks),775,R,UTC−7,UTC−8,cityofsparks.us
297,298,Lakewood[ad], New Jersey,"104,157","92,843",+12.19%,64.0 km2,"4,079/sq mi",40°04′38″N 74°12′01″W﻿ / ﻿40.0771°N 74.2004°W﻿ / 40.0771; -74.2004﻿ (Lakewood),NA,D,UTC-4,UTC-5,www.lakewoodnj.gov
298,299,Burbank, California,"103,695","103,340",+0.34%,45.1 km2,"6,003/sq mi",34°11′24″N 118°19′35″W﻿ / ﻿34.1901°N 118.3264°W﻿ / 34.1901; -118.3264﻿ (Burbank),747/818,[2],UTC−7,UTC−8,burbankca.gov
299,300,Rialto, California,"103,440","99,171",+4.30%,57.8 km2,"4,633/sq mi",34°06′42″N 117°23′18″W﻿ / ﻿34.1118°N 117.3883°W﻿ / 34.1118; -117.3883﻿ (Rialto),NA,NA,UTC−7,UTC−8,www.rialtoca.gov
300,301,Allen, Texas,"103,383","84,246",+22.72%,70.2 km2,"3,715/sq mi",33°05′59″N 96°39′47″W﻿ / ﻿33.0997°N 96.6631°W﻿ / 33.0997; -96.6631﻿ (Allen),"214, 469, 972",NA,UTC-5,UTC-6,City of Allen official website
301,302,El Cajon, California,"103,241","99,478",+3.78%,37.6 km2,"7,156/sq mi",32°48′06″N 116°57′37″W﻿ / ﻿32.8017°N 116.9604°W﻿ / 32.8017; -116.9604﻿ (El Cajon),NA,[2],UTC−7,UTC−8,www.ci.el-cajon.ca.us
302,303,Las Cruces, New Mexico,"102,926","97,618",+5.44%,199.2 km2,"1,323/sq mi",32°19′35″N 106°47′23″W﻿ / ﻿32.3264°N 106.7897°W﻿ / 32.3264; -106.7897﻿ (Las Cruces),575,Ken Miyagishima,UTC-6,UTC-7,www.las-cruces.org
303,304,Renton, Washington,"102,153","90,927",+12.35%,60.6 km2,"4,314/sq mi",47°28′34″N 122°11′31″W﻿ / ﻿47.4761°N 122.1920°W﻿ / 47.4761; -122.1920﻿ (Renton),425,NA,UTC−7,UTC−8,www.rentonwa.gov
304,305,Davenport, Iowa,"102,085","99,685",+2.41%,162.9 km2,"1,631/sq mi",41°33′15″N 90°36′14″W﻿ / ﻿41.5541°N 90.6040°W﻿ / 41.5541; -90.6040﻿ (Davenport),563,Frank Klipsch,UTC−5,UTC−6,www.cityofdavenportiowa.com
305,306,South Bend, Indiana,"101,860","101,168",+0.68%,107.2 km2,"2,457/sq mi",41°40′37″N 86°16′08″W﻿ / ﻿41.6769°N 86.2690°W﻿ / 41.6769; -86.2690﻿ (South Bend),574,Pete Buttigieg,UTC−4,UTC−5,www.southbendin.gov
306,307,Vista, California,"101,224","93,834",+7.88%,48.4 km2,"5,436/sq mi",33°11′22″N 117°14′19″W﻿ / ﻿33.1895°N 117.2386°W﻿ / 33.1895; -117.2386﻿ (Vista),442/760,[2],UTC−7,UTC−8,www.cityofvista.com
307,308,Tuscaloosa, Alabama,"101,113","90,468",+11.77%,185.7 km2,"1,399/sq mi",33°12′23″N 87°32′05″W﻿ / ﻿33.2065°N 87.5346°W﻿ / 33.2065; -87.5346﻿ (Tuscaloosa),205,Walter Maddox,UTC−5,UTC−6,www.tuscaloosa.com
308,309,Clinton[ae], Michigan,"100,800","96,796",+4.14%,72.8 km2,"3,573/sq mi",42°35′25″N 82°55′01″W﻿ / ﻿42.5903°N 82.9170°W﻿ / 42.5903; -82.9170﻿ (Clinton),586,NA,UTC-4,UTC-5,Official website
309,310,Edison[ad], New Jersey,"100,693","99,967",+0.73%,78.0 km2,"3,389/sq mi",40°30′14″N 74°20′58″W﻿ / ﻿40.5040°N 74.3494°W﻿ / 40.5040; -74.3494﻿ (Edison),732,Thomas Lankey,UTC−4,UTC−5,www.edisonnj.org
310,311,Woodbridge[ad], New Jersey,"100,450","99,585",+0.87%,60.3 km2,"4,351/sq mi",40°33′39″N 74°17′34″W﻿ / ﻿40.5607°N 74.2927°W﻿ / 40.5607; -74.2927﻿ (Woodbridge),NA,John McCormac,UTC−4,UTC−5,www.twp.woodbridge.nj.us
311,312,San Angelo, Texas,"100,215","93,200",+7.53%,155.1 km2,"1,681/sq mi",31°26′28″N 100°27′02″W﻿ / ﻿31.4411°N 100.4505°W﻿ / 31.4411; -100.4505﻿ (San Angelo),325,NA,UTC−5,UTC−6,"The City of San Angelo, Texas"
312,313,Kenosha, Wisconsin,"100,164","99,218",+0.95%,72.5 km2,"3,577/sq mi",42°34′56″N 87°50′44″W﻿ / ﻿42.5822°N 87.8456°W﻿ / 42.5822; -87.8456﻿ (Kenosha),262,John Antaramian,UTC−5,UTC−6,www.kenosha.org
313,314,Vacaville, California,"100,154","92,428",+8.36%,75.1 km2,"3,449/sq mi",38°21′14″N 121°58′22″W﻿ / ﻿38.3539°N 121.9728°W﻿ / 38.3539; -121.9728﻿ (Vacaville),NA,[2],UTC−7,UTC−8,www.cityofvacaville.com
